addresses_roadtype_name,addresses_end_street_number,geo_epgs_4326_lon,values_attribute_name,estimated_dates,addresses_road_name,values_category,addresses_zip_code,secondary_filters_id,values_value,addresses_town,secondary_filters_name,secondary_filters_tree,start_date,addresses_district_name,end_date,geo_epgs_25831_x,addresses_start_street_number,register_id,institution_id,addresses_main_address,addresses_district_id,addresses_roadtype_id,addresses_type,addresses_neighborhood_id,_id,name,addresses_road_id,created,geo_epgs_25831_y,institution_name,modified,secondary_filters_asia_id,secondary_filters_fullpath,geo_epgs_4326_lat,values_description,values_id,addresses_neighborhood_name,values_outstanding,values_attribute_id
,,2.173029237931847,Tel.,,C Casp,Telèfons,8010,54733068,935518500,BARCELONA,Apartaments,651,,Eixample,,430863.09088806866,35,﻿99400609073,,True,2,,,7,1,Apartament Turístic Midtown Apartments- ATB-000086,71600,2018-09-21T11:57:04,4582522.018671178,,2022-09-17T10:54:35.230190,65103001002000,Planol BCN >> Allotjament >> Altres allotjaments >> Apartaments,41.39125996292628,,232503,la Dreta de l'Eixample,True,20001
,,2.17461994764166,Tel.,,C Sicília,Telèfons,8013,54733068,934765575,BARCELONA,Apartaments,651,,Eixample,,431006.26727751625,276,﻿99400609076,,True,2,,,6,2,Apartament Turístic Hostemplo - ATB-000089,325005,2018-09-21T12:02:48,4583590.159280568,,2022-09-17T10:54:36.060760,65103001002000,Planol BCN >> Allotjament >> Altres allotjaments >> Apartaments,41.40089265936167,,232504,la Sagrada Família,True,20001
,,2.142690522392808,Centraleta,,Via Augusta,Telèfons,8021,54733068,932011405,BARCELONA,Apartaments,651,,Sarrià-Sant Gervasi,,428334.61228653113,167,﻿92086002799,,True,5,,,26,3,Apartament Turístic Senator - ATB-000009,28000,1984-05-30T00:00:00,4583349.184075388,,2022-09-17T03:52:06.314436,65103001002000,Planol BCN >> Allotjament >> Altres allotjaments >> Apartaments,41.39848859845516,,160271,Sant Gervasi - Galvany,True,20003
,,2.1694641764770926,Tel.,,C Hospital,Telèfons,8001,54733071,93 443 27 59,BARCELONA,Residències d'estudiants,651,,Ciutat Vella,,430553.3181506627,64,﻿98316124813,,True,1,,,1,4,Residència per a Investigadors CSIC - Generalitat,157909,1998-11-12T00:00:00,4581301.83451492,,2024-05-21T14:30:54.551568,65103001002003,Planol BCN >> Allotjament >> Altres allotjaments >> Residències d'estudiants,41.38024346069986,,201754,el Raval,True,20001
,,2.170719532802505,Tel.,,C Hospital,Telèfons,8001,54733069,934124069,BARCELONA,Albergs juvenils,651,,Ciutat Vella,,430658.58012113284,63,﻿99400011042,,True,1,,,1,5,Alberg Center Rambles - AJ000398,157909,2002-07-06T10:38:49,4581331.372248229,,2023-10-03T10:02:31.576985,65103001002001,Planol BCN >> Allotjament >> Altres allotjaments >> Albergs juvenils,41.3805185765298,,204713,el Raval,True,20001
,,2.1298247651935123,Tel.,,Alt de Gironella,Telèfons,8017,54733071,932035459,BARCELONA,Residències d'estudiants,651,,Sarrià-Sant Gervasi,,427254.9088656726,7,﻿99110181021,,True,5,,,24,6,Missioneres Germanes de Betània,11903,1999-04-20T00:00:00,4582941.63882034,,2022-09-17T05:50:56.016478,65103001002003,Planol BCN >> Allotjament >> Altres allotjaments >> Residències d'estudiants,41.394721057495595,,202208,les Tres Torres,True,20001
,,2.162634129795992,Tel.,,C Còrsega,Telèfons,8037,54733069,932200377,BARCELONA,Albergs juvenils,651,,Gràcia,,430002.52506737295,373,﻿99400315102,,True,6,,,31,13,Alberg Generator Barcelona - AJ000556,90502,2013-04-09T11:57:41,4583409.8678328255,,2022-09-17T07:53:31.876278,65103001002001,Planol BCN >> Allotjament >> Altres allotjaments >> Albergs juvenils,41.39918207998625,,225476,la Vila de Gràcia,True,20001
,,2.14686630713938,Tel.,,Pg Mare de Déu del Coll,Telèfons,8023,54733069,932105151,BARCELONA,Albergs juvenils,651,,Gràcia,,428703.0382911407,41,﻿92086012294,,True,6,,,28,7,Casa Marsans - Alberg Mare de Déu de Montserrat - AJ000084,230000,1988-02-15T00:00:00,4585310.873024361,,2022-09-23T14:50:17.987863,65103001002001,Planol BCN >> Allotjament >> Altres allotjaments >> Albergs juvenils,41.41618949683218,Recepció,163424,Vallcarca i els Penitents,True,20001
,,2.17283960547143,Tel.,,C Sardenya,Telèfons,8025,54733071,934367739,BARCELONA,Residències d'estudiants,651,,Eixample,,430860.6806221688,326,﻿98245122440,,True,2,,,6,8,Barcelona Residencias,76807,1998-09-02T00:00:00,4583930.270933719,,2022-09-17T05:42:29.501709,65103001002003,Planol BCN >> Allotjament >> Altres allotjaments >> Residències d'estudiants,41.403943425731946,,201220,la Sagrada Família,True,20001
,,2.165660508871563,Tel.,,C Poeta Cabanyes,Telèfons,8004,54733069,934425164,BARCELONA,Albergs juvenils,651,,Sants-Montjuïc,,430228.7154471907,23,﻿99400194324,,True,3,,,11,9,Alberg Juvenil Mambo Tango - AJ000486,261004,2007-11-02T11:50:24,4580624.504059756,,2022-09-17T06:53:33.196783,65103001002001,Planol BCN >> Allotjament >> Altres allotjaments >> Albergs juvenils,41.37411487282165,,219423,el Poble-sec,True,20001
,,2.11765312295715,Tel.,,C Pau Gargallo,Telèfons,8028,54733071,931440140,BARCELONA,Residències d'estudiants,651,,Les Corts,,426225.3301278867,30,﻿99400631747,,True,4,,,20,10,Residència Universitària Aleu,247750,2019-07-10T12:22:44,4581769.4380345065,,2022-09-17T11:05:25.407616,65103001002003,Planol BCN >> Allotjament >> Altres allotjaments >> Residències d'estudiants,41.38406977296698,,233362,la Maternitat i Sant Ramon,True,20001
,,2.1797154727699763,Tel.,,C Vigatans,Telèfons,8003,54733069,932687808,BARCELONA,Albergs juvenils,651,,Ciutat Vella,,431414.634688965,5,﻿99400056855,,True,1,,,4,11,Alberg Safestay  Gothic - AJ000442,360709,2003-08-08T09:06:38,4581729.927512673,,2022-09-17T06:04:18.018336,65103001002001,Planol BCN >> Allotjament >> Altres allotjaments >> Albergs juvenils,41.38417305255416,,207273,"Sant Pere, Santa Caterina i la Ribera",True,20001
,,2.138456656431635,Tel.,,C Entença,Telèfons,8029,54733071,933631290,BARCELONA,Residències d'estudiants,651,,Les Corts,,427970.58604029653,309,﻿99400082592,,True,4,,,19,12,Residència Universitària Josep Manyanet,110803,2004-04-26T23:30:02,4582336.987872695,,2023-10-03T10:37:18.152990,65103001002003,Planol BCN >> Allotjament >> Altres allotjaments >> Residències d'estudiants,41.389339625392076,,211256,les Corts,True,20001
,,2.1691475954512134,Tel.,,C Lafont,Telèfons,8004,54733069,934428392,BARCELONA,Albergs juvenils,651,,Sants-Montjuïc,,430519.771629211,8,﻿99400194313,,True,3,,,11,14,Hello Bcn Hostel - AJ000512,175809,2007-11-02T11:00:53,4580564.055709835,,2022-09-17T06:53:31.626194,65103001002001,Planol BCN >> Allotjament >> Altres allotjaments >> Albergs juvenils,41.373595613321704,,219421,el Poble-sec,True,20001
,,2.125102845599096,Tel.,,C Capità Arenas,Telèfons,8034,54733069,937012000,BARCELONA,Albergs juvenils,651,,Sarrià-Sant Gervasi,,426858.2017620915,56,﻿99400592662,,True,5,,,23,15,Residència d'Estudiants  Barcelona Diagonal - AJ000658,62507,2018-05-23T12:43:46,4582751.591588787,,2022-09-17T09:18:09.726362,65103001002001,Planol BCN >> Allotjament >> Altres allotjaments >> Albergs juvenils,41.392973401607996,,231762,Sarrià,True,20001
,,2.125102845599096,Tel.,,C Capità Arenas,Telèfons,8034,54733071,937012000,BARCELONA,Residències d'estudiants,651,,Sarrià-Sant Gervasi,,426858.2017620915,56,﻿99400592662,,True,5,,,23,16,Residència d'Estudiants  Barcelona Diagonal - AJ000658,62507,2018-05-23T12:43:46,4582751.591588787,,2022-09-17T09:18:09.726362,65103001002003,Planol BCN >> Allotjament >> Altres allotjaments >> Residències d'estudiants,41.392973401607996,,231762,Sarrià,True,20001
,,2.137341737796588,Tel.,,C Vallespir,Telèfons,8014,54733069,930115353,BARCELONA,Albergs juvenils,651,,Sants-Montjuïc,,427866.2202946834,34,﻿99400592663,,True,3,,,18,17,Hostal One Bcn Vallespir - AJ000666,352904,2018-05-23T12:47:28,4581217.623774153,,2022-09-17T09:18:09.904544,65103001002001,Planol BCN >> Allotjament >> Altres allotjaments >> Albergs juvenils,41.37924859372896,,231642,Sants,True,20001
,,2.1657931149717276,Tel.,,C Salvà,Telèfons,8004,54733069,936317259,BARCELONA,Albergs juvenils,651,,Sants-Montjuïc,,430238.97136543284,36,﻿99400592667,,True,3,,,11,18,Alberg Futura Casa Lola - AJ000668,294207,2018-05-23T12:54:37,4580537.811908208,,2022-09-17T09:18:13.470605,65103001002001,Planol BCN >> Allotjament >> Altres allotjaments >> Albergs juvenils,41.373334952061036,,231653,el Poble-sec,True,20001
,,2.1407660063822265,Tel.,,C Berlín,Telèfons,8029,54733069,640512840,BARCELONA,Albergs juvenils,651,,Sants-Montjuïc,,428157.8603453922,58,﻿99400592679,,True,3,,,18,19,Go Bcn Hostal Ideal Sants - AJ000678,40300,2018-05-23T13:07:45,4581750.028640128,,2022-09-17T09:18:16.773418,65103001002001,Planol BCN >> Allotjament >> Altres allotjaments >> Albergs juvenils,41.38406985683308,,231644,Sants,True,20001
,,2.1693004756249827,Tel.,,C Bruc,Telèfons,8009,54733069,932505530,BARCELONA,Albergs juvenils,651,,Eixample,,430554.9878037392,94,﻿99400592755,,True,2,,,7,20,Guest House Barcelona Bruc I - AJ000683,49509,2018-05-23T17:23:37,4582904.035881023,,2022-09-17T09:18:22.601914,65103001002001,Planol BCN >> Allotjament >> Altres allotjaments >> Albergs juvenils,41.39467412392286,,231765,la Dreta de l'Eixample,True,20001
,,2.162516723547522,Tel.,,C Aragó,Telèfons,8007,54733069,935 008 318,BARCELONA,Albergs juvenils,651,,Eixample,,429983.5094501815,237,﻿99400391941,,True,2,,,7,21,Alberg The Buba House - AJ000530,18505,2015-07-21T11:24:12,4582458.0441143755,,2023-03-09T13:13:43.961315,65103001002001,Planol BCN >> Allotjament >> Altres allotjaments >> Albergs juvenils,41.39060767653554,,227535,la Dreta de l'Eixample,True,20001
,,2.148213200212615,Tel.,,Av Diagonal,Telèfons,8021,54733069,931 711 459,BARCELONA,Albergs juvenils,651,,Sarrià-Sant Gervasi,,428791.3109567845,578,﻿99400391948,,True,5,,,26,22,Wow Hostel Barcelona - AJ000562,144601,2015-07-21T11:55:53,4582839.622142613,,2022-09-17T08:24:06.495579,65103001002001,Planol BCN >> Allotjament >> Altres allotjaments >> Albergs juvenils,41.39393974173925,,227245,Sant Gervasi - Galvany,True,20001
,,2.1774793346997487,Tel.,,C Bailèn,Telèfons,8010,54733069,932 469 973,BARCELONA,Albergs juvenils,651,,Eixample,,431235.5242606342,7,﻿99400391952,,True,2,,,7,23,360 Hostel Barcelona - AJ000551,31300,2015-07-21T12:08:00,4582559.606380393,,2022-09-17T08:24:09.615504,65103001002001,Planol BCN >> Allotjament >> Altres allotjaments >> Albergs juvenils,41.39163043193787,,227304,la Dreta de l'Eixample,True,20001
,,2.1485061244936743,Tel.,,C Mare de Déu del Coll,Telèfons,8023,54733069,934431310,BARCELONA,Albergs juvenils,651,,Gràcia,,428833.374169967,59,﻿99400378062,,True,6,,,28,24,Rocket Hostels Gràcia - AJ000573,229908,2015-02-18T12:12:59,4584627.410715111,,2022-09-17T08:14:34.151924,65103001002001,Planol BCN >> Allotjament >> Altres allotjaments >> Albergs juvenils,41.41004538251157,,226634,Vallcarca i els Penitents,True,20001
,,2.174240648489301,Tel.,,C Albareda,Telèfons,8004,54733069,934 431 310,BARCELONA,Albergs juvenils,651,,Sants-Montjuïc,,430945.84448301094,6,﻿99400378064,,True,3,,,11,25,Hostal Hostel Onefam Ramblas - AJ000563,5401,2015-02-18T12:15:51,4580576.916671589,,2024-07-30T11:52:19.477028,65103001002001,Planol BCN >> Allotjament >> Altres allotjaments >> Albergs juvenils,41.37374811974709,,226600,el Poble-sec,True,20001
,,2.141032481695508,Tel.,,Av Sarrià,Telèfons,8029,54733069,933154828,BARCELONA,Albergs juvenils,651,,Les Corts,,428187.5468973854,67,﻿99400378066,,True,4,,,19,26,Dream Cube Hostel - AJ000620,320704,2015-02-18T12:19:23,4582496.926358334,,2022-09-17T08:14:34.067222,65103001002001,Planol BCN >> Allotjament >> Altres allotjaments >> Albergs juvenils,41.390799528863845,,226427,les Corts,True,20001
,,2.1783872908194084,Tel.,,G.V. Corts Catalanes,Telèfons,8013,54733071,932 463 190,BARCELONA,Residències d'estudiants,651,,Eixample,,431317.47033437144,701,﻿99400215076,,True,2,,,5,27,Mestral Mar,169409,2008-10-09T18:48:10,4583195.65919192,,2022-09-17T07:04:40.070317,65103001002003,Planol BCN >> Allotjament >> Altres allotjaments >> Residències d'estudiants,41.39736616574064,,221462,el Fort Pienc,True,20001
,,2.164538014168941,Tel.,,Rda Sant Pau,Telèfons,8015,54733069,933 299 378,BARCELONA,Albergs juvenils,651,,Eixample,,430138.4202481056,55,﻿99400391916,,True,2,,,10,28,Paraiso Travellers Hostel - AJ000619,308709,2015-07-21T09:15:56,4580996.171412953,,2022-09-17T08:23:51.768704,65103001002001,Planol BCN >> Allotjament >> Altres allotjaments >> Albergs juvenils,41.377454532077806,,227532,Sant Antoni,True,20001
,,2.16510062138095,Tel.,,C Diputació,Telèfons,8007,54733069,934 675 078,BARCELONA,Albergs juvenils,651,,Eixample,,430197.9034019563,251,﻿99400391917,,True,2,,,7,29,Hostel Plaza Catalunya - AJ000576,100800,2015-07-21T09:20:19,4582286.707830455,,2022-09-17T08:23:52.728726,65103001002001,Planol BCN >> Allotjament >> Altres allotjaments >> Albergs juvenils,41.38908314200071,,227533,la Dreta de l'Eixample,True,20001
,,2.130546936231036,Tel.,,C Pobla de Lillet,Telèfons,8028,54733069,935 344 000,BARCELONA,Albergs juvenils,651,,Les Corts,,427299.85376127204,18,﻿99400391924,,True,4,,,19,30,Room 018 Barcelona Hostel - AJ000607,260704,2015-07-21T09:53:16,4581403.414839458,,2022-09-17T08:23:55.012406,65103001002001,Planol BCN >> Allotjament >> Altres allotjaments >> Albergs juvenils,41.38087096748908,,227114,les Corts,True,20001
,,2.165880912682414,Tel.,,C Balmes,Telèfons,8007,54733069,635669021,BARCELONA,Albergs juvenils,651,,Eixample,,430260.65484567534,9,﻿99400391930,,True,2,,,7,31,Sleep Green - Eco Youth Hostel Barcelona - AJ000533,32700,2015-07-21T10:27:22,4582027.846369322,,2022-09-17T08:23:57.167582,65103001002001,Planol BCN >> Allotjament >> Altres allotjaments >> Albergs juvenils,41.386757104385886,,227237,la Dreta de l'Eixample,True,20001
,,2.1188296058556486,Tel.,,C Duquessa d'Orleans,Telèfons,8034,54733069,932 050 961,BARCELONA,Albergs juvenils,651,,Sarrià-Sant Gervasi,,426341.45461704704,56,﻿99400391932,,True,5,,,23,32,Alberg Studio Hostel - AJ000015,106602,2015-07-21T10:39:29,4583514.363035971,,2022-09-17T08:24:00.840251,65103001002001,Planol BCN >> Allotjament >> Altres allotjaments >> Albergs juvenils,41.39979617959405,,227238,Sarrià,True,20001
,24,2.1558633775562757,Tel.,,de Sèneca,Telèfons,8006,54733071,936258900,Barcelona,Residències d'estudiants,651,,Gràcia,,429433.84604846,24,﻿99400664438,,True,6,,,31,33,Residència d'Estudiants Xior The Loftown,322801,2021-02-25T09:53:14.860889,4583139.27914061,,2022-09-17T11:25:09.436166,65103001002003,Planol BCN >> Allotjament >> Altres allotjaments >> Residències d'estudiants,41.39669527987134,,394666,la Vila de Gràcia,False,20001
,,2.149505229325451,Tel.,,Pg Castanyers,Telèfons,8035,54733070,935040420,BARCELONA,Col.legis majors,651,,Horta-Guinardó,,428948.8693610338,21,﻿99400164110,,True,7,,,43,34,Residència Universitària Internacional Àgora BCN,72158,2006-07-03T15:14:02,4587883.634005906,,2022-09-17T06:37:04.147972,65103001002002,Planol BCN >> Allotjament >> Altres allotjaments >> Col.legis majors,41.439383031067514,,216460,Horta,True,20001
,,2.149505229325451,Tel.,,Pg Castanyers,Telèfons,8035,54733071,935040420,BARCELONA,Residències d'estudiants,651,,Horta-Guinardó,,428948.8693610338,21,﻿99400164110,,True,7,,,43,35,Residència Universitària Internacional Àgora BCN,72158,2006-07-03T15:14:02,4587883.634005906,,2022-09-17T06:37:04.147972,65103001002003,Planol BCN >> Allotjament >> Altres allotjaments >> Residències d'estudiants,41.439383031067514,,216460,Horta,True,20001
,,2.17283960547143,Tel.,,C Sardenya,Telèfons,8025,54733071,934367739,BARCELONA,Residències d'estudiants,651,,Eixample,,430860.6806221688,326,﻿99400155188,98245122440,True,2,,,6,36,Residència Sardenya,76807,2006-03-07T13:32:35,4583930.270933719,Barcelona Residencias,2022-09-17T06:34:50.072405,65103001002003,Planol BCN >> Allotjament >> Altres allotjaments >> Residències d'estudiants,41.403943425731946,,215948,la Sagrada Família,True,20001
,16,2.2220511048600056,Tel.,,Av d'Eduard Maristany,Telèfons,8019,54733071,937866833,Barcelona,Residències d'estudiants,651,,Sant Martí,,434982.8065583,16,﻿99400664460,,True,10,,,70,37,Residència d'Estudiants Xior Diagonal Besòs,701559,2021-02-25T11:03:13.343354,4584858.969943531,,2022-09-17T11:25:12.632231,65103001002003,Planol BCN >> Allotjament >> Altres allotjaments >> Residències d'estudiants,41.412651940909136,,394680,el Besòs i el Maresme,False,20001
,90,2.2125024867898033,Tel.,,Carrer de Puigcerdà,Telèfons,8019,54733071,938 679 000,Barcelona,Residències d'estudiants,651,,Sant Martí,,434185.312,90,﻿99400697144,,True,10,,,70,38,Residència d'Estudiants LIV Student Barcelona 22@,270107,2022-09-01T09:24:12.416589,4584925.457,,2022-09-01T09:25:00.831063,65103001002003,Planol BCN >> Allotjament >> Altres allotjaments >> Residències d'estudiants,41.41318586098708,,467125,el Besòs i el Maresme,False,20001
,,2.1619759447339533,Tel.,,C Perill,Telèfons,8012,54733069,933803570,BARCELONA,Albergs juvenils,651,,Gràcia,,429948.0635844232,26,﻿99400391860,,True,6,,,31,39,Barcelona Sport Hostels - AJ000602,251102,2015-07-20T16:40:28,4583468.119253368,,2022-09-17T08:23:18.783925,65103001002001,Planol BCN >> Allotjament >> Altres allotjaments >> Albergs juvenils,41.39970198704688,,227327,la Vila de Gràcia,True,20001
,,2.1745936927535268,Tel.,,Rda Sant Pere,Telèfons,8010,54733069,931797343,BARCELONA,Albergs juvenils,651,,Eixample,,430992.37166439136,25,﻿99400391861,,True,2,,,7,40,Bed & Art Hostel - AJ000553,309406,2015-07-20T16:48:12,4582361.95225935,,2024-04-08T15:02:52.446095,65103001002001,Planol BCN >> Allotjament >> Altres allotjaments >> Albergs juvenils,41.38982939697685,,227472,la Dreta de l'Eixample,True,20001
,,2.1513084906921507,Tel.,,Via Augusta,Telèfons,8006,54733069,936762927,BARCELONA,Albergs juvenils,651,,Sarrià-Sant Gervasi,,429056.8802300686,65,﻿99400391866,,True,5,,,26,41,Alberg Blue Barcelona 2 - AJ000632,28000,2015-07-20T17:04:22,4583531.570448701,,2022-09-17T08:23:21.986044,65103001002001,Planol BCN >> Allotjament >> Altres allotjaments >> Albergs juvenils,41.400195331805755,,227474,Sant Gervasi - Galvany,True,20001
,10,2.1877056893900857,Tel.,,Carrer de Sancho de Ávila,Telèfons,8018,54733071,93 522 01 79,Barcelona,Residències d'estudiants,651,,Sant Martí,,432095.926,2,﻿99400695289,,True,10,,,66,42,Residència d'Estudiants Vita Student - Poblenou,311703,2022-07-15T12:53:36.221823,4583132.802,,2022-07-15T12:56:34.706056,65103001002003,Planol BCN >> Allotjament >> Altres allotjaments >> Residències d'estudiants,41.39686614274533,,460997,el Parc i la Llacuna del Poblenou,False,20001
,,2.1777034450489894,Tel.,,C Avellà,Telèfons,8003,54733071,933150810,BARCELONA,Residències d'estudiants,651,,Ciutat Vella,,431248.02727336984,1,﻿96236143813,,True,1,,,4,43,Institució Xaveriana,28600,1996-08-23T00:00:00,4581902.572794015,,2022-02-08T12:48:56.940143,65103001002003,Planol BCN >> Allotjament >> Altres allotjaments >> Residències d'estudiants,41.38571379676802,,194066,"Sant Pere, Santa Caterina i la Ribera",True,20001
,,2.205571801602079,Tel.,,C Amistat,Telèfons,8005,54733071,932155626,BARCELONA,Residències d'estudiants,651,,Sant Martí,,433592.7811683365,15,﻿94118152443,92086030053,True,10,,,68,44,Casa de la Jove,14209,1994-04-28T00:00:00,4583480.786865125,Associació In via,2022-09-17T05:08:47.892640,65103001002003,Planol BCN >> Allotjament >> Altres allotjaments >> Residències d'estudiants,41.40012536076037,,174701,el Poblenou,True,20001
,,2.191117029211113,Tel.,,Pg Salvat Papasseit,Telèfons,8003,54733069,933904000,BARCELONA,Albergs juvenils,651,,Ciutat Vella,,432366.26647557184,4,﻿99400392550,,True,1,,,3,45,Alberg Campus del Mar - AJ000520,294874,2015-07-27T14:35:26,4581541.013548073,,2022-09-17T08:26:00.115246,65103001002001,Planol BCN >> Allotjament >> Altres allotjaments >> Albergs juvenils,41.38255212049706,,227189,la Barceloneta,True,20001
,,2.175475468533943,Tel.,,C Ferran,Telèfons,8002,54733069,933017973,BARCELONA,Albergs juvenils,651,,Ciutat Vella,,431057.24322458985,31,﻿92086033816,,True,1,,,2,46,Alberg Fernando - AJ000419,122904,1991-01-08T00:00:00,4581431.165355767,,2022-09-17T04:44:40.530584,65103001002001,Planol BCN >> Allotjament >> Altres allotjaments >> Albergs juvenils,41.38145164237975,,169040,el Barri Gòtic,True,20001
,,2.1591418197190837,Tel.,,C Comte d'Urgell,Telèfons,8011,54733069,626 513 903,BARCELONA,Albergs juvenils,651,,Eixample,,429691.5934970247,51,﻿99400391934,,True,2,,,10,47,Alberg The Bird House - AJ000599,349706,2015-07-21T10:51:32,4581454.953842337,,2022-09-17T08:24:02.159780,65103001002001,Planol BCN >> Allotjament >> Altres allotjaments >> Albergs juvenils,41.3815477178852,,227116,Sant Antoni,True,20001
,,2.1615865918643533,Tel.,,C València,Telèfons,8007,54733069,634 011 338,BARCELONA,Albergs juvenils,651,,Eixample,,429906.75417434226,233,﻿99400391942,,True,2,,,7,48,Tierra Azul Hostel - AJ000557,350308,2015-07-21T11:33:21,4582562.935075076,,2022-09-17T08:24:05.100503,65103001002001,Planol BCN >> Allotjament >> Altres allotjaments >> Albergs juvenils,41.391545708361036,,227303,la Dreta de l'Eixample,True,20001
,,2.16125971417756,Tel.,,G.V. Corts Catalanes,Telèfons,8011,54733069,937 379 618,BARCELONA,Albergs juvenils,651,,Eixample,,429871.8536765479,563,﻿99400391946,,True,2,,,8,49,Urbany Hostel Bcn Go! - AJ000568,169409,2015-07-21T11:52:23,4581780.847699246,,2022-09-17T08:24:06.379724,65103001002001,Planol BCN >> Allotjament >> Altres allotjaments >> Albergs juvenils,41.38449866868336,,227243,l'Antiga Esquerra de l'Eixample,True,20001
,,2.121592832023466,Tel.,,Av Diagonal,Telèfons,8028,54733070,932162700,BARCELONA,Col.legis majors,651,,Les Corts,,426557.5198394588,639,﻿92086010208,,True,4,,,20,50,Col.legi  Major Penyafort - Montserrat,144601,1991-03-06T00:00:00,4582040.345463205,,2022-09-17T04:11:50.831513,65103001002002,Planol BCN >> Allotjament >> Altres allotjaments >> Col.legis majors,41.38654011464975,,162138,la Maternitat i Sant Ramon,True,20001
,,2.1220710330939156,Tel.,,C Jiménez i Iglesias,Telèfons,8034,54733070,932049108,BARCELONA,Col.legis majors,651,,Les Corts,,426599.52038782317,3,﻿92086010214,,True,4,,,21,51,Col.legi Major Bonaigua,29104,2002-05-09T10:29:32,4582239.160532346,,2022-02-08T12:48:56.924589,65103001002002,Planol BCN >> Allotjament >> Altres allotjaments >> Col.legis majors,41.388334590217255,,162015,Pedralbes,True,20001
,,2.163084990326947,Informació i reserves,,Av Paral.lel,Telèfons,8004,54733071,933299667,BARCELONA,Residències d'estudiants,651,,Sants-Montjuïc,,430014.10051738995,101,﻿99400189504,,True,3,,,11,52,Residència TSH Campus Poble-sec,198804,2007-08-30T14:14:09,4580705.672223005,,2021-04-12T18:20:39.106285,65103001002003,Planol BCN >> Allotjament >> Altres allotjaments >> Residències d'estudiants,41.37482729427464,,218013,el Poble-sec,True,20048
,,2.1593354417664754,Tel.,,Pg Gràcia,Telèfons,8008,54733071,932172700,BARCELONA,Residències d'estudiants,651,,Gràcia,,429724.5468157903,114,﻿75990342092,,True,6,,,31,53,Residència Nikbor,148307,1996-09-18T00:00:00,4583182.691991133,,2023-10-03T10:40:14.075456,65103001002003,Planol BCN >> Allotjament >> Altres allotjaments >> Residències d'estudiants,41.397111741341796,,149691,la Vila de Gràcia,True,20001
,,2.1397509116723348,Tel.,,C Muntaner,Telèfons,8021,54733071,932016860,BARCELONA,Residències d'estudiants,651,,Sarrià-Sant Gervasi,,428092.0385749966,447,﻿98348133604,,True,5,,,26,54,Residència Adriano,223606,1998-12-14T00:00:00,4583669.914895589,,2022-02-08T12:48:57.045909,65103001002003,Planol BCN >> Allotjament >> Altres allotjaments >> Residències d'estudiants,41.40135563470438,,202187,Sant Gervasi - Galvany,True,20001
,,2.172446301120371,Tel.,,C Hospital,Telèfons,8001,54733071,934127802,BARCELONA,Residències d'estudiants,651,,Ciutat Vella,,430803.4437026908,23,﻿75990349543,,True,1,,,1,55,Residència  Universitària Sant Agustí,157909,1996-09-18T00:00:00,4581379.862804631,,2023-10-03T10:02:56.687596,65103001002003,Planol BCN >> Allotjament >> Altres allotjaments >> Residències d'estudiants,41.38096778793884,,151802,el Raval,True,20001
,,2.1538096653914023,Tel.,,Trav Gràcia,Telèfons,8006,54733071,933689099,BARCELONA,Residències d'estudiants,651,,Gràcia,,429264.3432495185,96,﻿99400192614,,True,6,,,31,56,Residència Universitària Augusta,344101,2007-10-11T10:09:09,4583364.174124926,,2022-09-17T06:52:40.389816,65103001002003,Planol BCN >> Allotjament >> Altres allotjaments >> Residències d'estudiants,41.3987059336705,,219074,la Vila de Gràcia,True,20001
,,2.188555665733669,Informació i reserves,,C Sancho de Avila,Telèfons,8018,54733071,933099830,BARCELONA,Residències d'estudiants,651,,Sant Martí,,432167.64807144634,22,﻿99400233821,,True,10,,,66,57,Residència TSH Campus Marina,311703,2009-10-15T10:53:34,4583203.389288115,,2021-04-12T17:19:07.036884,65103001002003,Planol BCN >> Allotjament >> Altres allotjaments >> Residències d'estudiants,41.39750795527435,,222774,el Parc i la Llacuna del Poblenou,True,20048
,,2.1749336893605618,Tel.,,C Ferran,Telèfons,8002,54733069,932702060,BARCELONA,Albergs juvenils,651,,Ciutat Vella,,431011.4796793902,17,﻿99400128970,,True,1,,,2,58,Hostel Sun & Moon - AJ000471,122904,2005-07-23T12:38:05,4581383.047816062,,2023-10-03T10:02:27.418821,65103001002001,Planol BCN >> Allotjament >> Altres allotjaments >> Albergs juvenils,41.381014339173554,,213864,el Barri Gòtic,True,20001
,,2.133656197170815,Tel.,,C Ganduxer,Telèfons,8022,54733071,934176250,BARCELONA,Residències d'estudiants,651,,Sarrià-Sant Gervasi,,427581.2825641098,98,﻿92086026223,,True,5,,,25,59,Congregación Religiosa Hijas de San José,139805,1988-03-22T00:00:00,4583545.422000824,,2022-09-17T04:36:41.129283,65103001002003,Planol BCN >> Allotjament >> Altres allotjaments >> Residències d'estudiants,41.40018853748988,,167599,Sant Gervasi - la Bonanova,True,20001
,11,2.186176787572697,,,Antic de Bofarull,,8026,54733068,,Barcelona,Apartaments,651,,Sant Martí,,431982.61956047,11,﻿99400664413,,True,10,,,64,60,Apartament Turístic - ATB-000088,17433,2021-02-24T15:46:11.767956,4584677.85675468,,2022-09-17T11:25:07.866613,65103001002000,Planol BCN >> Allotjament >> Altres allotjaments >> Apartaments,41.410772403754834,,,el Camp de l'Arpa del Clot,,
,,2.1747110351465655,Tel.,,Ptge Gutenberg,Telèfons,8001,54733068,933027111,BARCELONA,Apartaments,651,,Ciutat Vella,,430988.54599531216,7,﻿99400392575,,True,1,,,1,61,Apartament Turístic Gutenberg - ATB-000003,153806,2015-07-28T09:36:52,4580929.957233919,,2022-09-17T08:26:01.313537,65103001002000,Planol BCN >> Allotjament >> Altres allotjaments >> Apartaments,41.37693151786698,,227308,el Raval,True,20001
,,2.1801895288956867,Tel.,,Ptge Vilaret,Telèfons,8013,54733068,616263099,BARCELONA,Apartaments,651,,Eixample,,431477.3525826151,13,﻿99400392580,,True,2,,,6,62,Apartament Turístic Villa Sagrada - ATB-000049,362704,2015-07-28T10:28:27,4584168.866732392,,2022-09-17T08:26:03.142224,65103001002000,Planol BCN >> Allotjament >> Altres allotjaments >> Apartaments,41.40614517934157,,227221,la Sagrada Família,True,20001
,,2.1423686941623026,Tel.,,C Corint,Telèfons,8006,54733070,932014777,BARCELONA,Col.legis majors,651,,Sarrià-Sant Gervasi,,428312.69439218036,3,﻿92086010220,,True,5,,,26,63,Club d'enginyers Col.legi Major Monterols,91108,1985-02-04T00:00:00,4583853.006156759,,2023-02-01T17:03:02.125425,65103001002002,Planol BCN >> Allotjament >> Altres allotjaments >> Col.legis majors,41.40302436818473,,162018,Sant Gervasi - Galvany,True,20001
,,2.143087483990476,Tel.,,C Descartes,Telèfons,8006,54733068,932022889,BARCELONA,Apartaments,651,,Sarrià-Sant Gervasi,,428369.9058982634,4,﻿99400392574,,True,5,,,26,64,Apartament Turístic Descartes - ATB-000044,99100,2015-07-28T09:27:22,4583562.171005421,,2022-09-17T08:26:01.346578,65103001002000,Planol BCN >> Allotjament >> Altres allotjaments >> Apartaments,41.40041003190845,,227097,Sant Gervasi - Galvany,True,20001
,,2.1333832586007886,Tel.,,C Panissars,Telèfons,8028,54733069,936672706,BARCELONA,Albergs juvenils,651,,Sants-Montjuïc,,427531.66162345797,5,﻿99400391897,,True,3,,,18,65,Alberg Hostelscat - AJ000559,243501,2015-07-20T18:47:17,4580865.363141029,,2022-09-17T08:23:44.081238,65103001002001,Planol BCN >> Allotjament >> Altres allotjaments >> Albergs juvenils,41.37604585627572,,227487,Sants,True,20001
,,2.1753750042540125,Tel.,,C Ripoll,Telèfons,8002,54733069,933019751,BARCELONA,Albergs juvenils,651,,Ciutat Vella,,431052.9371782588,21,﻿99400391902,,True,1,,,2,66,Alberg Itaca - AJ000422,283109,2015-07-20T18:53:33,4581861.533154778,,2023-03-03T16:50:27.746165,65103001002001,Planol BCN >> Allotjament >> Altres allotjaments >> Albergs juvenils,41.38532746817522,,227296,el Barri Gòtic,True,20001
,,2.1375758829528118,Tel.,,C Rossend Arús,Telèfons,8014,54733069,933 329 128,BARCELONA,Albergs juvenils,651,,Sants-Montjuïc,,427879.0743146464,23,﻿99400391906,,True,3,,,18,67,Alberg Live & Dream - AJ000617,289207,2015-07-21T08:17:16,4580541.572376202,,2022-09-17T08:23:47.978133,65103001002001,Planol BCN >> Allotjament >> Altres allotjaments >> Albergs juvenils,41.373160803800886,,227298,Sants,True,20001
,,2.1791446139619772,Tel.,,C Freser,Telèfons,8026,54733069,934 460 517,BARCELONA,Albergs juvenils,651,,Sant Martí,,431393.9913067018,5,﻿99400391929,,True,10,,,64,68,Sant Jordi Hostel Sagrada Familia - AJ000517,134801,2015-07-21T10:14:56,4584589.378615004,,2022-09-17T08:23:57.196291,65103001002001,Planol BCN >> Allotjament >> Altres allotjaments >> Albergs juvenils,41.409925482079075,,227236,el Camp de l'Arpa del Clot,True,20001
,,2.1646803902423954,Tel.,,Rda Sant Pau,Telèfons,8015,54733069,618 745 568,BARCELONA,Albergs juvenils,651,,Eixample,,430150.2101359819,51,﻿99400391931,,True,2,,,10,69,St. Paul Hostel - AJ000611,308709,2015-07-21T10:33:37,4580984.046533746,,2022-09-17T08:23:59.708400,65103001002001,Planol BCN >> Allotjament >> Altres allotjaments >> Albergs juvenils,41.37734635057357,,227157,Sant Antoni,True,20001
,,2.1701089311996893,Tel.,,C Bruc,Telèfons,8009,54733069,932154059,BARCELONA,Albergs juvenils,651,,Eixample,,430621.62717664626,65,﻿99400391883,,True,2,,,7,70,Alberg Fabrizzio's Petit - AJ000608,49509,2015-07-20T18:06:45,4582804.550865252,,2022-09-17T08:23:34.624748,65103001002001,Planol BCN >> Allotjament >> Altres allotjaments >> Albergs juvenils,41.39378384660316,,227338,la Dreta de l'Eixample,True,20001
,,2.157831788437109,Tel.,,C Sant Pere Màrtir,Telèfons,8012,54733069,936674115,BARCELONA,Albergs juvenils,651,,Gràcia,,429600.9519712406,18,﻿99400391889,,True,6,,,31,71,Gracia City Hostel - AJ000574,309701,2015-07-20T18:28:39,4583400.397841839,,2022-09-17T08:23:37.022415,65103001002001,Planol BCN >> Allotjament >> Altres allotjaments >> Albergs juvenils,41.39906172861616,,227479,la Vila de Gràcia,True,20001
,,2.1660023948548464,Tel.,,C Bruc,Telèfons,8037,54733069,651521158,BARCELONA,Albergs juvenils,651,,Eixample,,430281.6334088248,123,﻿99400391895,,True,2,,,7,72,Hostel Bruc - AJ000637,49509,2015-07-20T18:42:56,4583152.043405415,,2022-09-17T08:23:42.737368,65103001002001,Planol BCN >> Allotjament >> Altres allotjaments >> Albergs juvenils,41.39688419243676,,227485,la Dreta de l'Eixample,True,20001
,,2.1256321704762944,Tel.,,C Esperança,Telèfons,8017,54733071,934172003,BARCELONA,Residències d'estudiants,651,,Sarrià-Sant Gervasi,,426914.3829595086,5,﻿75990343455,,True,5,,,25,73,Residència d'Estudiants Mare Güell,114600,1996-09-18T00:00:00,4583933.112076227,,2023-10-03T10:39:34.657348,65103001002003,Planol BCN >> Allotjament >> Altres allotjaments >> Residències d'estudiants,41.403619947856214,,151228,Sant Gervasi - la Bonanova,True,20001
,,2.1672769023737777,Tel.,,C Sicília,Telèfons,8025,54733069,934585625,BARCELONA,Albergs juvenils,651,,Gràcia,,430398.3970545343,402,﻿99400592650,,True,6,,,32,74,Alberg Be Barcelona Sagrada Família - AJ000642,325005,2018-05-23T12:20:11,4584214.2050699545,,2022-09-17T09:18:03.786150,65103001002001,Planol BCN >> Allotjament >> Altres allotjaments >> Albergs juvenils,41.406460831546205,,231759,el Camp d'en Grassot i Gràcia Nova,True,20001
,,2.162999210031362,Tel.,,C València,Telèfons,8007,54733069,931745416,BARCELONA,Albergs juvenils,651,,Eixample,,430025.69600043964,266,﻿99400592659,,True,2,,,7,75,Alberg The Hipstel II - AJ000652,350308,2018-05-23T12:36:07,4582649.03025973,,2022-09-17T09:18:07.691819,65103001002001,Planol BCN >> Allotjament >> Altres allotjaments >> Albergs juvenils,41.392331495401436,,231652,la Dreta de l'Eixample,True,20001
,,2.17171532204429,Tel.,,C Sant Oleguer,Telèfons,8001,54733071,933943100,BARCELONA,Residències d'estudiants,651,,Ciutat Vella,,430738.1084285671,20,﻿75990426734,,True,1,,,1,76,Residència Universitària Pere Felip Monlau,308301,1997-04-05T00:00:00,4580939.574088823,,2023-10-03T10:02:48.944003,65103001002003,Planol BCN >> Allotjament >> Altres allotjaments >> Residències d'estudiants,41.376996617402604,,153238,el Raval,True,20001
,,2.1660716314146753,Tel.,,C Bruc,Telèfons,8037,54733071,934579351,BARCELONA,Residències d'estudiants,651,,Eixample,,430287.6643450016,136,﻿75990543263,,True,2,,,7,77,Residència Universitària Apimec,49509,1998-10-24T00:00:00,4583177.236160907,,2023-10-03T10:15:09.377549,65103001002003,Planol BCN >> Allotjament >> Altres allotjaments >> Residències d'estudiants,41.39711161787595,,154614,la Dreta de l'Eixample,True,20001
,,2.154513156125283,Tel.,,C Sepúlveda,Telèfons,8015,54733069,931630760,BARCELONA,Albergs juvenils,651,,Eixample,,429300.0154012612,45,﻿99400391867,,True,2,,,10,125,Holidays Bcn Hostel - AJ000622,323203,2015-07-20T17:07:09,4580992.462274849,,2022-09-17T08:23:22.365309,65103001002001,Planol BCN >> Allotjament >> Altres allotjaments >> Albergs juvenils,41.37734789938514,,227475,Sant Antoni,True,20001
,,2.170296073372876,Tel.,,Consell de Cent,Telèfons,8009,54733071,934878930,BARCELONA,Residències d'estudiants,651,,Eixample,,430638.24699417956,393,﻿75990043118,,True,2,,,7,78,Residència Estudiants Religiosa Maria Immaculada,89004,1996-09-18T00:00:00,4582906.186877129,,2023-10-03T10:19:29.227953,65103001002003,Planol BCN >> Allotjament >> Altres allotjaments >> Residències d'estudiants,41.39470068260337,,137869,la Dreta de l'Eixample,True,20001
,,2.1532132712982266,Tel.,,C Calàbria,Telèfons,8015,54733068,934264228,BARCELONA,Apartaments,651,,Eixample,,429195.2433352358,129,﻿75990030639,,True,2,,,9,79,Apartament Turístic Atenea Calabria - ATB-000001,54509,1996-09-17T00:00:00,4581395.340320568,,2023-10-03T10:18:59.964931,65103001002000,Planol BCN >> Allotjament >> Altres allotjaments >> Apartaments,41.38096727220521,,136699,la Nova Esquerra de l'Eixample,True,20001
,,2.1662272248911627,Tel.,,C Mallorca,Telèfons,8037,54733069,937687382,BARCELONA,Albergs juvenils,651,,Eixample,,430299.99223984993,290,﻿99400391873,,True,2,,,7,80,Alberg Bruc & Bruc - AJ000635,191204,2015-07-20T17:21:24,4583106.546853012,,2022-09-17T08:23:27.192433,65103001002001,Planol BCN >> Allotjament >> Altres allotjaments >> Albergs juvenils,41.39647601191105,,227193,la Dreta de l'Eixample,True,20001
,,2.159219345849341,Tel.,,C Enric Granados,Telèfons,8008,54733069,935285742,BARCELONA,Albergs juvenils,651,,Eixample,,429707.5711372367,30,﻿99400391877,,True,2,,,8,81,Alberg Casa Kessler Barcelona A - AJ000581,110304,2015-07-20T17:41:34,4582433.543296171,,2022-09-17T08:23:30.571564,65103001002001,Planol BCN >> Allotjament >> Altres allotjaments >> Albergs juvenils,41.39036293809088,,227198,l'Antiga Esquerra de l'Eixample,True,20001
,,2.161541893535503,Tel.,,Av Diagonal,Telèfons,8037,54733069,935313240,BARCELONA,Albergs juvenils,651,,Eixample,,429909.1910177681,436,﻿99400391881,,True,2,,,7,82,Alberg Diagonal House - AJ000472,144601,2015-07-20T17:56:38,4583200.942851422,,2022-09-17T08:23:31.701205,65103001002001,Planol BCN >> Allotjament >> Altres allotjaments >> Albergs juvenils,41.39729223583148,,227374,la Dreta de l'Eixample,True,20001
,,2.1651658564138545,Tel.,,C Salvà,Telèfons,8004,54733069,934439885,BARCELONA,Albergs juvenils,651,,Sants-Montjuïc,,430185.3529118359,62,﻿99400391882,,True,3,,,11,83,District Hostel Onefam Paralelo - AJ000545,294207,2015-07-20T17:59:35,4580417.551071223,,2024-07-30T11:49:28.013248,65103001002001,Planol BCN >> Allotjament >> Altres allotjaments >> Albergs juvenils,41.372247149779014,,227375,el Poble-sec,True,20001
,,2.176378407132337,Tel.,,Rda Sant Pere,Telèfons,8010,54733069,933021159,BARCELONA,Albergs juvenils,651,,Eixample,,431142.28819236014,39,﻿99400391891,,True,2,,,7,84,Alberg Hip Karma - AJ000511,309406,2015-07-20T18:33:21,4582434.721579895,,2022-09-17T08:23:39.358043,65103001002001,Planol BCN >> Allotjament >> Altres allotjaments >> Albergs juvenils,41.390497656042484,,227481,la Dreta de l'Eixample,True,20001
,,2.1584821528087783,Tel.,,C Torrent de l'Olla,Telèfons,8012,54733069,932108675,BARCELONA,Albergs juvenils,651,,Gràcia,,429657.7333676627,98,﻿99400391892,,True,6,,,31,85,Hip Hostel Barcelona - AJ000558,208001,2015-07-20T18:36:20,4583648.514433604,,2022-09-17T08:23:39.057829,65103001002001,Planol BCN >> Allotjament >> Altres allotjaments >> Albergs juvenils,41.40130139417472,,227482,la Vila de Gràcia,True,20001
,,2.177252274574292,Tel.,,C Nàpols,Telèfons,8013,54733069,936242331,BARCELONA,Albergs juvenils,651,,Eixample,,431222.10927113495,149,﻿99400391894,,True,2,,,7,86,Hola Hostal - AJ000575,225500,2015-07-20T18:41:06,4583146.139655589,,2022-09-17T08:23:39.435035,65103001002001,Planol BCN >> Allotjament >> Altres allotjaments >> Albergs juvenils,41.396912008150615,,227484,la Dreta de l'Eixample,True,20001
,,2.130394175226605,Tel.,,C Casteràs,Telèfons,8028,54733069,933324192,BARCELONA,Albergs juvenils,651,,Sants-Montjuïc,,427279.8221123795,9,﻿99400391896,,True,3,,,17,87,Alberg Hostel Onefam Sants - AJ000497,73605,2015-07-20T18:44:41,4580680.13089515,,2024-07-30T11:45:48.716587,65103001002001,Planol BCN >> Allotjament >> Altres allotjaments >> Albergs juvenils,41.374354823178855,,227486,Sants - Badal,True,20001
,,2.1745937761302105,Tel.,,Rda Sant Pere,Telèfons,8010,54733071,615334201,BARCELONA,Residències d'estudiants,651,,Eixample,,430992.3786643227,25,﻿98348135946,,True,2,,,7,88,Residència Talitha,309406,1998-12-14T00:00:00,4582361.955259323,,2022-09-17T05:45:23.916486,65103001002003,Planol BCN >> Allotjament >> Altres allotjaments >> Residències d'estudiants,41.389829424597245,,202188,la Dreta de l'Eixample,True,20001
,,2.15114588580802,Tel.,,Pl Lesseps,Telèfons,8023,54733071,932384802,BARCELONA,Residències d'estudiants,651,,Gràcia,,429050.87312522304,12,﻿146175914,,True,6,,,31,89,Residència Universitària Lesseps,123408,2000-05-25T00:00:00,4584305.800896769,,2022-09-17T02:16:53.393947,65103001002003,Planol BCN >> Allotjament >> Altres allotjaments >> Residències d'estudiants,41.407167997379474,,129594,la Vila de Gràcia,True,20001
,,2.1861069897418615,Tel.,,Pg Pujades,Telèfons,8018,54733071,932384802,BARCELONA,Residències d'estudiants,651,,Sant Martí,,431956.7512538258,33,﻿146180329,,True,10,,,66,90,Residència Universitària La Ciutadella,271100,2000-05-25T00:00:00,4582545.392664972,,2022-09-17T02:16:54.006691,65103001002003,Planol BCN >> Allotjament >> Altres allotjaments >> Residències d'estudiants,41.39156375297399,,129595,el Parc i la Llacuna del Poblenou,True,20001
,,2.125751641669211,Tel.,,C Hort de la Vila,Telèfons,8017,54733070,932065500,BARCELONA,Col.legis majors,651,,Sarrià-Sant Gervasi,,426919.5890118126,46,﻿75990066322,,True,5,,,24,91,Col.legi Major Sagrat Cor,157002,1996-09-18T00:00:00,4583459.329698188,,2023-10-03T10:43:42.739763,65103001002002,Planol BCN >> Allotjament >> Altres allotjaments >> Col.legis majors,41.399353272557626,,139608,les Tres Torres,True,20001
,,2.15302648719079,Tel.,,C Torrent de l'Olla,Telèfons,8012,54733071,934151203,BARCELONA,Residències d'estudiants,651,,Gràcia,,429206.7606392234,212,﻿99400172702,,True,6,,,31,92,Residència Erasmus Gràcia,208001,2006-11-28T10:44:05,4584171.429239767,,2022-09-17T06:39:10.056723,65103001002003,Planol BCN >> Allotjament >> Altres allotjaments >> Residències d'estudiants,41.40597150739426,,216455,la Vila de Gràcia,True,20001
,,2.1512987567989184,Tel.,,Av Diagonal,Telèfons,8036,54733071,932022175,BARCELONA,Residències d'estudiants,651,,Eixample,,429049.57544074603,433,﻿75990474374,,True,2,,,8,93,La Residència de Diagonal 7945,144601,1997-09-20T00:00:00,4582868.94591083,,2023-10-03T10:15:37.574675,65103001002003,Planol BCN >> Allotjament >> Altres allotjaments >> Residències d'estudiants,41.39422667626571,,154481,l'Antiga Esquerra de l'Eixample,True,20001
,,2.106912763507366,Tel.,,Av Pearson,Telèfons,8034,54733070,932806313,BARCELONA,Col.legis majors,651,,Les Corts,,425337.6405326123,27,﻿92086010224,,True,4,,,21,94,Col.legi Major Pedralbes,248108,2002-05-09T10:29:32,4582781.991959855,,2022-09-17T04:12:01.613095,65103001002002,Planol BCN >> Allotjament >> Altres allotjaments >> Col.legis majors,41.39310748057858,,163556,Pedralbes,True,20001
,,2.1693546316487793,Tel.,,C Roger de Llúria,Telèfons,8009,54733069,697230218,BARCELONA,Albergs juvenils,651,,Eixample,,430557.3598270932,41,﻿99400392302,,True,2,,,7,95,BCG Hostel - AJ000628,176801,2015-07-23T15:37:19,4582679.167075313,,2022-09-17T08:25:13.299038,65103001002001,Planol BCN >> Allotjament >> Altres allotjaments >> Albergs juvenils,41.39264900901435,,227274,la Dreta de l'Eixample,True,20001
,,2.1597494117230713,Tel.,,C Montmany,Telèfons,8012,54733069,933155338,BARCELONA,Albergs juvenils,651,,Gràcia,,429767.36122321687,38,﻿99400391903,,True,6,,,31,96,Jam Hostel - AJ000598,216600,2015-07-20T18:55:23,4584028.642749091,,2022-09-17T08:23:46.850544,65103001002001,Planol BCN >> Allotjament >> Altres allotjaments >> Albergs juvenils,41.404734655287946,,227297,la Vila de Gràcia,True,20001
,,2.168656545906595,Tel.,,C Aguilar,Telèfons,8032,54733069,934294533,BARCELONA,Albergs juvenils,651,,Horta-Guinardó,,430534.49128606444,52,﻿99400391911,,True,7,,,36,97,Mellow Hostel Barcelona - AJ000460,3905,2015-07-21T08:43:13,4586377.686007424,,2022-09-17T08:23:49.297460,65103001002001,Planol BCN >> Allotjament >> Altres allotjaments >> Albergs juvenils,41.42595828882108,,227531,la Font d'en Fargues,True,20001
,,2.1664869077904316,Tel.,,C Consell de Cent,Telèfons,8007,54733069,932506846,BARCELONA,Albergs juvenils,651,,Eixample,,430316.74818367936,355,﻿99400391915,,True,2,,,7,98,No Limit Hostel Central - AJ000639,89004,2015-07-21T09:11:25,4582591.507881049,,2022-09-17T08:23:51.578880,65103001002001,Planol BCN >> Allotjament >> Altres allotjaments >> Albergs juvenils,41.39183868041086,,227300,la Dreta de l'Eixample,True,20001
,,2.1584146773896613,Tel.,,C Còrsega,Telèfons,8008,54733069,932 171 944,BARCELONA,Albergs juvenils,651,,Eixample,,429646.0626108231,302,﻿99400391920,,True,2,,,7,99,Hostel Rodamón Barcelona Centre - AJ000578,90502,2015-07-21T09:47:40,4583027.772486043,,2022-09-17T08:23:54.118520,65103001002001,Planol BCN >> Allotjament >> Altres allotjaments >> Albergs juvenils,41.39570957383761,,227113,la Dreta de l'Eixample,True,20001
,,2.1677204427401398,Tel.,,C Bergara,Telèfons,8002,54733069,936 674 588,BARCELONA,Albergs juvenils,651,,Eixample,,430413.7883718106,3,﻿99400391925,,True,2,,,7,100,Saint Christopher's Hostel - AJ000539,357001,2015-07-21T09:57:25,4581956.817094,,2022-09-17T08:23:54.972947,65103001002001,Planol BCN >> Allotjament >> Altres allotjaments >> Albergs juvenils,41.38613062772518,,227115,la Dreta de l'Eixample,True,20001
,,2.1705001263052957,Tel.,,C Roger de Llúria,Telèfons,8009,54733069,933 023 901,BARCELONA,Albergs juvenils,651,,Eixample,,430652.50291600556,40,﻿99400391926,,True,2,,,7,101,Sant Jordi Hostel - AJ000490,176801,2015-07-21T10:02:11,4582613.270737745,,2022-09-17T08:23:54.972694,65103001002001,Planol BCN >> Allotjament >> Altres allotjaments >> Albergs juvenils,41.39206371135131,,227301,la Dreta de l'Eixample,True,20001
,,2.158373243813883,Tel.,,C Terol,Telèfons,8012,54733069,933 424 161,BARCELONA,Albergs juvenils,651,,Gràcia,,429650.7293905158,35,﻿99400391927,,True,6,,,31,102,Sant Jordi Hostel Gràcia - AJ000535,334902,2015-07-21T10:05:09,4583864.735323344,,2022-09-17T08:23:56.655505,65103001002001,Planol BCN >> Allotjament >> Altres allotjaments >> Albergs juvenils,41.40324820379128,,227235,la Vila de Gràcia,True,20001
,,2.1609686220088533,Tel.,,C Balmes,Telèfons,8007,54733069,934 533 281,BARCELONA,Albergs juvenils,651,,Eixample,,429853.92671271454,75,﻿99400391928,,True,2,,,8,103,Sant Jordi Hostel Rock Palace - AJ000593,32700,2015-07-21T10:08:14,4582443.29623141,,2022-09-17T08:23:56.762611,65103001002001,Planol BCN >> Allotjament >> Altres allotjaments >> Albergs juvenils,41.39046355664176,,227234,l'Antiga Esquerra de l'Eixample,True,20001
,,2.160559824162909,Tel.,,C Sepúlveda,Telèfons,8011,54733069,932 505 684,BARCELONA,Albergs juvenils,651,,Eixample,,429810.233342255,146,﻿99400391933,,True,2,,,10,104,Tailor's Hostel - AJ000616,323203,2015-07-21T10:47:20,4581461.261805425,,2022-09-17T08:24:02.237497,65103001002001,Planol BCN >> Allotjament >> Altres allotjaments >> Albergs juvenils,41.381614890387645,,227302,Sant Antoni,True,20001
,,2.1580650943654227,Tel.,,C Ricart,Telèfons,8004,54733069,932777763,BARCELONA,Albergs juvenils,651,,Sants-Montjuïc,,429593.38562781527,20,﻿99400391872,,True,3,,,11,105,Break N'Bed Hostel - AJ000638,281806,2015-07-20T17:17:26,4580614.104029548,,2022-09-17T08:23:26.406457,65103001002001,Planol BCN >> Allotjament >> Altres allotjaments >> Albergs juvenils,41.37396587170013,,227330,el Poble-sec,True,20001
,,2.16758449832501,Tel.,,G.V. Corts Catalanes,Telèfons,8007,54733069,933014426,BARCELONA,Albergs juvenils,651,,Eixample,,430405.04740022763,628,﻿99400391904,,True,2,,,7,106,Korea-Hostel - AJ000580,169409,2015-07-20T18:57:01,4582230.225424281,,2022-09-17T08:23:46.943258,65103001002001,Planol BCN >> Allotjament >> Altres allotjaments >> Albergs juvenils,41.38859237252498,,227488,la Dreta de l'Eixample,True,20001
,,2.1456043246350354,Tel.,,C Consell de Cent,Telèfons,8014,54733069,934 243 463,BARCELONA,Albergs juvenils,651,,Sants-Montjuïc,,428553.96567735425,30,﻿99400391907,,True,3,,,15,107,LK Hostel - AJ000605,89004,2015-07-21T08:25:01,4580889.981118345,,2022-09-17T08:23:47.769627,65103001002001,Planol BCN >> Allotjament >> Altres allotjaments >> Albergs juvenils,41.37635899437936,,227566,Hostafrancs,True,20001
,,2.1723345862812886,Tel.,,C Diputació,Telèfons,8009,54733069,932 440 278,BARCELONA,Albergs juvenils,651,,Eixample,,430808.481344113,335,﻿99400391910,,True,2,,,7,108,Alberg Mediterranean - AJ000483,100800,2015-07-21T08:36:17,4582885.382114968,,2022-09-17T08:23:49.252854,65103001002001,Planol BCN >> Allotjament >> Altres allotjaments >> Albergs juvenils,41.39452796541193,,227567,la Dreta de l'Eixample,True,20001
,,2.1684979891125686,Tel.,,C Mallorca,Telèfons,8037,54733069,931 752 151,BARCELONA,Albergs juvenils,651,,Eixample,,430491.6433386425,330,﻿99400391919,,True,2,,,7,109,Primavera Hostel - AJ000579,191204,2015-07-21T09:39:26,4583294.644057632,,2022-09-17T08:23:54.173756,65103001002001,Planol BCN >> Allotjament >> Altres allotjaments >> Albergs juvenils,41.39818672902767,,227534,la Dreta de l'Eixample,True,20001
,,2.162504549676391,Tel.,,G.V. Corts Catalanes,Telèfons,8011,54733069,934 534 425,BARCELONA,Albergs juvenils,651,,Eixample,,429976.2416554023,580,﻿99400391944,,True,2,,,10,110,Toc Hostel Barcelona - AJ000625,169409,2015-07-21T11:39:30,4581811.37442298,,2022-09-17T08:24:05.842703,65103001002001,Planol BCN >> Allotjament >> Altres allotjaments >> Albergs juvenils,41.384782705706805,,227117,Sant Antoni,True,20001
,,2.1775720225213924,Tel.,,Rda Sant Pere,Telèfons,8010,54733069,935 305 677,BARCELONA,Albergs juvenils,651,,Eixample,,431242.21421842824,56,﻿99400391953,,True,2,,,7,111,360 Hostel Arts & Culture - AJ000587,309406,2015-07-21T12:12:16,4582447.958471079,,2022-09-17T08:24:10.546661,65103001002001,Planol BCN >> Allotjament >> Altres allotjaments >> Albergs juvenils,41.390625425176395,,227119,la Dreta de l'Eixample,True,20001
,,2.159127254347306,Tel.,,Pg Gràcia,Telèfons,8008,54733069,931874497,BARCELONA,Albergs juvenils,651,,Gràcia,,429707.32597915933,116,﻿99400391876,,True,6,,,31,112,Casa Gracia Barcelona Hostel - AJ000565,148307,2015-07-20T17:39:12,4583201.692802207,,2022-09-17T08:23:30.508631,65103001002001,Planol BCN >> Allotjament >> Altres allotjaments >> Albergs juvenils,41.397281369714406,,227371,la Vila de Gràcia,True,20001
,,2.159219345849341,Tel.,,C Enric Granados,Telèfons,8008,54733069,935285742,BARCELONA,Albergs juvenils,651,,Eixample,,429707.5711372367,30,﻿99400391878,,True,2,,,8,113,Alberg Casa Kessler Barcelona B - AJ000582,110304,2015-07-20T17:45:21,4582433.543296171,,2022-09-17T08:23:31.676333,65103001002001,Planol BCN >> Allotjament >> Altres allotjaments >> Albergs juvenils,41.39036293809088,,227199,l'Antiga Esquerra de l'Eixample,True,20001
,,2.1873374028771555,Tel.,,C Coroleu,Telèfons,8030,54733069,932745757,BARCELONA,Albergs juvenils,651,,Sant Andreu,,432102.63391141227,33,﻿99400391879,,True,9,,,60,114,Alberg Coroleu House - AJ000571,91403,2015-07-20T17:50:27,4587129.087004007,,2022-09-17T08:23:31.445625,65103001002001,Planol BCN >> Allotjament >> Altres allotjaments >> Albergs juvenils,41.432859971656576,,227373,Sant Andreu,True,20001
,,2.1638842045378537,Tel.,,C Provença,Telèfons,8037,54733069,934 961 874,BARCELONA,Albergs juvenils,651,,Eixample,,430104.06914449553,318,﻿99400391885,,True,2,,,7,115,Alberg The Loft Hostel Barcelona - AJ000516,268003,2015-07-20T18:12:52,4583102.8008491155,,2022-09-17T08:23:34.709758,65103001002001,Planol BCN >> Allotjament >> Altres allotjaments >> Albergs juvenils,41.39642526737337,,227377,la Dreta de l'Eixample,True,20001
,,2.1565772521745976,Tel.,,C Molist,Telèfons,8024,54733069,932852256,BARCELONA,Albergs juvenils,651,,Gràcia,,429510.50153971225,5,﻿99400391886,,True,6,,,30,116,Alberg Factory Petit - AJ000588,214809,2015-07-20T18:14:49,4584882.471370061,,2022-09-17T08:23:35.671775,65103001002001,Planol BCN >> Allotjament >> Altres allotjaments >> Albergs juvenils,41.41240228424038,,227595,la Salut,True,20001
,,2.144502668709701,Tel.,,C Londres,Telèfons,8029,54733069,933154709,BARCELONA,Albergs juvenils,651,,Eixample,,428475.29315248743,20,﻿99400391887,,True,2,,,9,117,Free Hostels Barcelona - AJ000614,180208,2015-07-20T18:21:35,4582253.466794781,,2022-09-17T08:23:37.041492,65103001002001,Planol BCN >> Allotjament >> Altres allotjaments >> Albergs juvenils,41.38863242056985,,227477,la Nova Esquerra de l'Eixample,True,20001
,,2.183546281107858,Tel.,,C Aragó,Telèfons,8026,54733069,931863397,BARCELONA,Albergs juvenils,651,,Sant Martí,,431758.11585160333,527,﻿99400391890,,True,10,,,64,118,No Limit Hostel Graffiti  - AJ000589,18505,2015-07-20T18:30:40,4584186.5526166875,,2022-09-17T08:23:37.054679,65103001002001,Planol BCN >> Allotjament >> Altres allotjaments >> Albergs juvenils,41.406328353831384,,227480,el Camp de l'Arpa del Clot,True,20001
,,2.162999210031362,Tel.,,C València,Telèfons,8007,54733069,931745417,BARCELONA,Albergs juvenils,651,,Eixample,,430025.69600043964,266,﻿99400391893,,True,2,,,7,119,Alberg The Hipstel - AJ000586,350308,2015-07-20T18:39:00,4582649.03025973,,2022-09-17T08:23:39.155361,65103001002001,Planol BCN >> Allotjament >> Altres allotjaments >> Albergs juvenils,41.392331495401436,,227483,la Dreta de l'Eixample,True,20001
,,2.1323943694890777,Tel.,,Emancipació,Telèfons,8022,54733070,932126900,BARCELONA,Col.legis majors,651,,Sarrià-Sant Gervasi,,427479.30347941426,33,﻿95061193529,,True,5,,,25,120,Col.legi Major Mater Salvatoris,108801,1995-03-02T00:00:00,4583895.913560619,,2022-09-17T05:13:15.762815,65103001002002,Planol BCN >> Allotjament >> Altres allotjaments >> Col.legis majors,41.40333607410305,,183290,Sant Gervasi - la Bonanova,True,20001
,,2.164474276126237,Tel.,,C Girona,Telèfons,8037,54733069,935310135,BARCELONA,Albergs juvenils,651,,Eixample,,430157.2465450096,176,﻿99400592676,,True,2,,,7,121,Yeah Barcelona Hostel - AJ000670,145003,2018-05-23T13:04:18,4583501.465971377,,2022-09-17T09:18:16.752064,65103001002001,Planol BCN >> Allotjament >> Altres allotjaments >> Albergs juvenils,41.4000205267305,,231655,la Dreta de l'Eixample,True,20001
,,2.1591418197190837,Tel.,,C Comte d'Urgell,Telèfons,8011,54733069,626513905,BARCELONA,Albergs juvenils,651,,Eixample,,429691.5934970247,51,﻿99400592684,,True,2,,,10,122,Alberg The Bird House 2  - AJ000680,349706,2018-05-23T13:17:03,4581454.953842337,,2022-09-17T09:18:19.235859,65103001002001,Planol BCN >> Allotjament >> Altres allotjaments >> Albergs juvenils,41.3815477178852,,231645,Sant Antoni,True,20001
,,2.1693546316487793,Tel.,,C Roger de Llúria,Telèfons,8009,54733069,935006999,BARCELONA,Albergs juvenils,651,,Eixample,,430557.3598270932,41,﻿99400391858,,True,2,,,7,123,Alberg Barcelona Central Garden - AJ000518,176801,2015-07-20T16:24:22,4582679.167075313,,2022-09-17T08:23:16.529182,65103001002001,Planol BCN >> Allotjament >> Altres allotjaments >> Albergs juvenils,41.39264900901435,,227592,la Dreta de l'Eixample,True,20001
,,2.1598253253628124,Tel.,,C Legalitat,Telèfons,8024,54733069,932196505,BARCELONA,Albergs juvenils,651,,Gràcia,,429777.11705509335,17,﻿99400391863,,True,6,,,31,124,Bedcelona Gracia Hostel - AJ000537,177407,2015-07-20T16:53:49,4584380.20632279,,2022-09-17T08:23:19.975271,65103001002001,Planol BCN >> Allotjament >> Altres allotjaments >> Albergs juvenils,41.407901910915015,,227328,la Vila de Gràcia,True,20001
,,2.153771538980097,Tel.,,C Còrsega,Telèfons,8036,54733069,936677806,BARCELONA,Albergs juvenils,651,,Eixample,,429254.10950062517,226,﻿99400391856,,True,2,,,8,126,Barceló Hostel 1 - AJ000600,90502,2015-07-20T16:16:51,4582642.738160562,,2022-09-17T08:23:15.630796,65103001002001,Planol BCN >> Allotjament >> Altres allotjaments >> Albergs juvenils,41.392207323729494,,227590,l'Antiga Esquerra de l'Eixample,True,20001
,,2.13384878071623,Tel.,,C Numància,Telèfons,8029,54733069,934102309,BARCELONA,Albergs juvenils,651,,Les Corts,,427583.9848262684,149,﻿92086002168,,True,4,,,19,127,Alberg Pere Tarrés - AJ000070,231502,1988-02-15T00:00:00,4582205.212075897,,2022-09-17T03:50:35.751230,65103001002001,Planol BCN >> Allotjament >> Altres allotjaments >> Albergs juvenils,41.38811806097095,Recepció,160134,les Corts,True,20001
,,2.1327926139032023,Tel.,,C Joan Güell,Telèfons,8028,54733069,934 094 027,BARCELONA,Albergs juvenils,651,,Sants-Montjuïc,,427487.03595462244,86,﻿99400215140,,True,3,,,18,128,Residència Universitària Sants - AJ000640,172403,2008-10-10T13:34:10,4581342.158477528,,2022-09-17T07:04:50.714569,65103001002001,Planol BCN >> Allotjament >> Altres allotjaments >> Albergs juvenils,41.38033614683528,,221051,Sants,True,20001
,,2.1327926139032023,Tel.,,C Joan Güell,Telèfons,8028,54733071,934 094 027,BARCELONA,Residències d'estudiants,651,,Sants-Montjuïc,,427487.03595462244,86,﻿99400215140,,True,3,,,18,129,Residència Universitària Sants - AJ000640,172403,2008-10-10T13:34:10,4581342.158477528,,2022-09-17T07:04:50.714569,65103001002003,Planol BCN >> Allotjament >> Altres allotjaments >> Residències d'estudiants,41.38033614683528,,221051,Sants,True,20001
,8,2.1339283853399458,Tel.,,Passatge de Ricard Zamora,Telèfons,8017,54733070,932016600,Barcelona,Col.legis majors,651,,Sarrià-Sant Gervasi,,427595.892,4,﻿92086010212,,True,5,,,24,130,Col·legi Major Sant Jordi,701443,1985-02-04T00:00:00,4582730.564,,2023-04-24T14:51:55.742664,65103001002002,Planol BCN >> Allotjament >> Altres allotjaments >> Col.legis majors,41.39285076494183,,162141,les Tres Torres,True,20001
,,2.135188640282129,Tel.,,C Camp,Telèfons,8022,54733071,934175221,BARCELONA,Residències d'estudiants,651,,Sarrià-Sant Gervasi,,427713.959176832,75,﻿75990173238,,True,5,,,25,131,Residència Estudiants C.R. Bonanova,57201,1996-09-18T00:00:00,4584002.586570542,,2023-10-03T10:41:16.196131,65103001002003,Planol BCN >> Allotjament >> Altres allotjaments >> Residències d'estudiants,41.4043179655325,,147084,Sant Gervasi - la Bonanova,True,20001
,,2.1307219550827172,Tel.,,C Taquígraf Martí,Telèfons,8028,54733069,640565035,BARCELONA,Albergs juvenils,651,,Les Corts,,427319.4764630944,24,﻿99400592644,,True,4,,,19,132,Go Bcn Hostal Ideal Les Corts - AJ000621,330800,2018-05-23T11:46:10,4581900.560991925,,2022-09-17T09:18:04.134019,65103001002001,Planol BCN >> Allotjament >> Altres allotjaments >> Albergs juvenils,41.385350336375886,,231635,les Corts,True,20001
,,2.1690689361397486,Tel.,,C València,Telèfons,8009,54733069,618674921,BARCELONA,Albergs juvenils,651,,Eixample,,430538.0099174988,340,﻿99400592655,,True,2,,,7,133,Alberg  Azul B&B - AJ000648,350308,2018-05-23T12:27:08,4583152.234456309,,2022-09-17T09:18:05.391987,65103001002001,Planol BCN >> Allotjament >> Altres allotjaments >> Albergs juvenils,41.396908100013164,,231760,la Dreta de l'Eixample,True,20001
,,2.178365135183137,Tel.,,C Lepant,Telèfons,8013,54733069,932453877,BARCELONA,Albergs juvenils,651,,Eixample,,431321.6181649604,237,﻿99400592657,,True,2,,,6,134,Alberg Barcelona and You - AJ000651,178308,2018-05-23T12:32:27,4583828.311022014,,2022-09-17T09:18:06.536824,65103001002001,Planol BCN >> Allotjament >> Altres allotjaments >> Albergs juvenils,41.4030646144892,,231651,la Sagrada Família,True,20001
,,2.137716205065059,Tel.,,C Vallespir,Telèfons,8014,54733069,934097446,BARCELONA,Albergs juvenils,651,,Sants-Montjuïc,,427896.9250093039,20,﻿99400592665,,True,3,,,18,135,Meeting Point Hostels - AJ000667,352904,2018-05-23T12:51:30,4581156.221380031,,2024-05-27T09:06:25.968331,65103001002001,Planol BCN >> Allotjament >> Altres allotjaments >> Albergs juvenils,41.37869831758523,,231643,Sants,True,20001
,,2.1336836060455724,Tel.,,Rbla Badal,Telèfons,8014,54733069,656525199,BARCELONA,Albergs juvenils,651,,Sants-Montjuïc,,427546.8186907641,39,﻿99400592673,,True,3,,,16,136,Go Bcn Hostal Ideal Badal - AJ000669,30602,2018-05-23T12:59:06,4579868.648875265,,2022-09-17T09:18:14.622767,65103001002001,Planol BCN >> Allotjament >> Altres allotjaments >> Albergs juvenils,41.36707019036236,,231654,la Bordeta,True,20001
,,2.1578428777063454,Tel.,,C Enric Granados,Telèfons,8008,54733069,934518541,BARCELONA,Albergs juvenils,651,,Eixample,,429593.61222050164,52,﻿99400391779,,True,2,,,8,137,After Hostel - AJ000543,110304,2015-07-17T16:51:13,4582549.903137165,,2022-09-17T08:23:10.726629,65103001002001,Planol BCN >> Allotjament >> Altres allotjaments >> Albergs juvenils,41.39140098320639,,227112,l'Antiga Esquerra de l'Eixample,True,20001
,,2.205846319539562,Tel.,,C Amistat,Telèfons,8005,54733069,932213281,BARCELONA,Albergs juvenils,651,,Sant Martí,,433615.987937311,21,﻿99400391780,,True,10,,,68,138,Amistat Beach Hostel - AJ000569,14209,2015-07-17T17:03:27,4583508.862595837,,2022-09-17T08:23:10.975211,65103001002001,Planol BCN >> Allotjament >> Altres allotjaments >> Albergs juvenils,41.40038014802332,,227430,el Poblenou,True,20001
,,2.1631456461337817,Tel.,,Rbla Catalunya,Telèfons,8007,54733069,934880771,BARCELONA,Albergs juvenils,651,,Eixample,,430037.0829082132,64,﻿99400391782,,True,2,,,7,139,Art City Hostel - AJ000609,74506,2015-07-17T17:12:13,4582560.340127388,,2022-09-17T08:23:11.793034,65103001002001,Planol BCN >> Allotjament >> Altres allotjaments >> Albergs juvenils,41.391533684051076,,227431,la Dreta de l'Eixample,True,20001
,,2.171236321091648,Tel.,,C Diputació,Telèfons,8009,54733069,934880280,BARCELONA,Albergs juvenils,651,,Eixample,,430715.7922635298,323,﻿99400391854,,True,2,,,7,140,Alberg Backpackers BCN - AJ000498,100800,2015-07-20T16:09:31,4582794.778979892,,2022-09-17T08:23:14.502971,65103001002001,Planol BCN >> Allotjament >> Altres allotjaments >> Albergs juvenils,41.39370395224828,,227326,la Dreta de l'Eixample,True,20001
,,2.153771538980097,Tel.,,C Còrsega,Telèfons,8036,54733069,936677806,BARCELONA,Albergs juvenils,651,,Eixample,,429254.10950062517,226,﻿99400391857,,True,2,,,8,141,Barceló Hostel 2 - AJ000601,90502,2015-07-20T16:18:21,4582642.738160562,,2022-09-17T08:23:15.628513,65103001002001,Planol BCN >> Allotjament >> Altres allotjaments >> Albergs juvenils,41.392207323729494,,227591,l'Antiga Esquerra de l'Eixample,True,20001
,,2.1513084906921507,Tel.,,Via Augusta,Telèfons,8006,54733069,936762927,BARCELONA,Albergs juvenils,651,,Sarrià-Sant Gervasi,,429056.8802300686,65,﻿99400391865,,True,5,,,26,142,Alberg Blue Barcelona 1 - AJ000631,28000,2015-07-20T17:02:24,4583531.570448701,,2022-09-17T08:23:21.518827,65103001002001,Planol BCN >> Allotjament >> Altres allotjaments >> Albergs juvenils,41.400195331805755,,227473,Sant Gervasi - Galvany,True,20001
,,2.1603001074292556,Tel.,,C Radas,Telèfons,8004,54733069,618745568,BARCELONA,Albergs juvenils,651,,Sants-Montjuïc,,429778.25387425924,44,﻿99400391874,,True,3,,,11,143,Alberg Camino B&B - AJ000610,273400,2015-07-20T17:23:46,4580402.1281374665,,2022-09-17T08:23:27.162520,65103001002001,Planol BCN >> Allotjament >> Altres allotjaments >> Albergs juvenils,41.37207282375549,,227594,el Poble-sec,True,20001
,,2.1599287697988303,Tel.,,C València,Telèfons,8007,54733069,661857753,BARCELONA,Albergs juvenils,651,,Eixample,,429766.5175722828,226,﻿99400391875,,True,2,,,8,144,Alberg Casa Del Mediterráneo - AJ000623,350308,2015-07-20T17:34:25,4582395.358680989,,2023-03-03T15:31:07.658377,65103001002001,Planol BCN >> Allotjament >> Altres allotjaments >> Albergs juvenils,41.39002417174458,,227372,l'Antiga Esquerra de l'Eixample,True,20001
,,2.1774432963199004,Tel.,,G.V. Corts Catalanes,Telèfons,8013,54733069,627 55 52 27,BARCELONA,Albergs juvenils,651,,Eixample,,431237.1141461018,716,﻿99400391880,,True,2,,,5,145,Alberg Des Artistes - AJ000549,169409,2015-07-20T17:54:19,4583044.471650416,,2023-03-07T12:05:22.205921,65103001002001,Planol BCN >> Allotjament >> Altres allotjaments >> Albergs juvenils,41.39599759950628,,227200,el Fort Pienc,True,20001
,,2.1726564687567245,Tel.,,C Girona,Telèfons,8009,54733069,931621612,BARCELONA,Albergs juvenils,651,,Eixample,,430834.37111450784,49,﻿99400391884,,True,2,,,7,146,Alberg Fabrizzios Terrace Barcelona - AJ000615,145003,2015-07-20T18:09:07,4582778.375164201,,2022-09-17T08:23:35.028728,65103001002001,Planol BCN >> Allotjament >> Altres allotjaments >> Albergs juvenils,41.393566415154325,,227376,la Dreta de l'Eixample,True,20001
,,2.161240386581907,Tel.,,C Hedilla,Telèfons,8031,54733069,934272479,BARCELONA,Albergs juvenils,651,,Horta-Guinardó,,429925.60096384585,58,﻿99400391888,,True,7,,,43,147,Garden House Hostel Barcelona - AJ000500,154300,2015-07-20T18:23:39,4587498.038965727,,2022-09-17T08:23:37.040594,65103001002001,Planol BCN >> Allotjament >> Altres allotjaments >> Albergs juvenils,41.43599597178528,,227478,Horta,True,20001
,,2.13458345743599,Tel.,,C Reus,Telèfons,8022,54733070,932110228,BARCELONA,Col.legis majors,651,,Sarrià-Sant Gervasi,,427664.3546375166,20,﻿92086010216,,True,5,,,25,148,Col.legi Major La Salle,280100,2002-05-09T10:29:32,4584101.256597701,,2022-09-17T04:11:54.533904,65103001002002,Planol BCN >> Allotjament >> Altres allotjaments >> Col.legis majors,41.40520218270579,,162017,Sant Gervasi - la Bonanova,True,20001
,,2.1705001263052957,Tel.,,C Roger de Llúria,Telèfons,8009,54733069,933023901,BARCELONA,Albergs juvenils,651,,Eixample,,430652.50291600556,40,﻿99400392305,,True,2,,,7,149,Alberg Sant Jordi Llúria - AJ000526,176801,2015-07-23T15:41:46,4582613.270737745,,2022-09-17T08:25:14.896001,65103001002001,Planol BCN >> Allotjament >> Altres allotjaments >> Albergs juvenils,41.39206371135131,,227273,la Dreta de l'Eixample,True,20001
,,2.165748690331665,Tel.,,C Aragó,Telèfons,8007,54733070,932159912,BARCELONA,Col.legis majors,651,,Eixample,,430255.88175680576,284,﻿75990016464,,True,2,,,7,150,Col.legi Major Universitari Lestonnac,18505,1996-09-17T00:00:00,4582680.435000893,,2023-10-03T10:19:14.372655,65103001002002,Planol BCN >> Allotjament >> Altres allotjaments >> Col.legis majors,41.392634341543186,,135107,la Dreta de l'Eixample,True,20001
,,2.153330264373883,Tel.,,C Gran de Gràcia,Telèfons,8012,54733071,629 561 477,BARCELONA,Residències d'estudiants,651,,Gràcia,,429227.3815415885,117,﻿99400090299,,True,6,,,31,151,Residència d'Estudiants  Barcelona Housing Student,206403,2004-06-14T14:14:57,4583683.122006281,,2022-09-17T06:18:09.487164,65103001002003,Planol BCN >> Allotjament >> Altres allotjaments >> Residències d'estudiants,41.40157532547142,,210846,la Vila de Gràcia,True,20001
,,2.169461881098822,Tel.,,C Cabanes,Telèfons,8004,54733069,936393136,BARCELONA,Albergs juvenils,651,,Sants-Montjuïc,,430544.56442025513,48,﻿99400592753,,True,3,,,11,158,Galaxystar Hostel Barcelona - AJ000665,52900,2018-05-23T17:20:10,4580408.33423521,,2022-09-17T09:18:22.559348,65103001002001,Planol BCN >> Allotjament >> Altres allotjaments >> Albergs juvenils,41.3721952159029,,231764,el Poble-sec,True,20001
,,2.150872845796388,Tel.,,Av Cardenal Vidal i Barraquer,Telèfons,8035,54733071,934291803,BARCELONA,Residències d'estudiants,651,,Horta-Guinardó,,429051.21062411135,15,﻿99400398867,,True,7,,,41,152,Residència Salesiana Martí Codolar,700827,2015-10-08T13:48:14,4586668.016870453,,2022-09-17T08:28:24.162083,65103001002003,Planol BCN >> Allotjament >> Altres allotjaments >> Residències d'estudiants,41.428443543752635,,227345,la Vall d'Hebron,True,20001
,,2.138685796079325,Tel.,,C Jericó,Telèfons,8035,54733068,677518608,BARCELONA,Apartaments,651,,Horta-Guinardó,,428025.16774796264,20,﻿99400392579,,True,7,,,39,153,Apartament Turístic Tibidabo Apartments - ATB-000062,166900,2015-07-28T10:25:50,4585899.47514347,,2022-09-17T08:26:01.151775,65103001002000,Planol BCN >> Allotjament >> Altres allotjaments >> Apartaments,41.42143035033319,,227220,Sant Genís dels Agudells,True,20001
,,2.188501496136844,Tel.,,C Tànger,Telèfons,8018,54733069,932 387 185,BARCELONA,Albergs juvenils,651,,Sant Martí,,432164.8650609216,22,﻿99400391945,,True,10,,,66,154,Alberg Twentytú - AJ000538,330107,2015-07-21T11:48:28,4583389.76346958,,2022-09-17T08:24:06.067612,65103001002001,Planol BCN >> Allotjament >> Altres allotjaments >> Albergs juvenils,41.39918633845478,,227244,el Parc i la Llacuna del Poblenou,True,20001
,,2.1545662669488004,Tel.,,Aribau,Telèfons,8036,54733071,932373283,BARCELONA,Residències d'estudiants,651,,Eixample,,429320.51285621326,152,﻿75990476371,,True,2,,,8,155,Residència d'estudiants Anglus,23403,1997-10-18T00:00:00,4582638.232218408,,2023-10-03T10:15:36.261371,65103001002003,Planol BCN >> Allotjament >> Altres allotjaments >> Residències d'estudiants,41.392172578608275,,155201,l'Antiga Esquerra de l'Eixample,True,20001
,,2.1360894932460774,Tel.,,Roman Macaya,Telèfons,8022,54733071,934176391,BARCELONA,Residències d'estudiants,651,,Sarrià-Sant Gervasi,,427799.5921228605,14,﻿97286100531,,True,5,,,25,156,Residència Estudiants,287405,1997-10-13T00:00:00,4585037.905493812,,2022-09-17T05:34:09.438738,65103001002003,Planol BCN >> Allotjament >> Altres allotjaments >> Residències d'estudiants,41.413650334433065,,198766,Sant Gervasi - la Bonanova,True,20001
,,2.1373966754956526,Tel.,,C Valladolid,Telèfons,8014,54733069,931389032,BARCELONA,Albergs juvenils,651,,Sants-Montjuïc,,427869.8032816325,43,﻿99400592702,,True,3,,,18,157,Ten to Go Hostel - AJ000682,351300,2018-05-23T13:40:03,4581116.014766693,,2022-09-17T09:18:21.021929,65103001002001,Planol BCN >> Allotjament >> Altres allotjaments >> Albergs juvenils,41.37833376103748,,231637,Sants,True,20001
,,2.1693004756249827,Tel.,,C Bruc,Telèfons,8009,54733069,932505530,BARCELONA,Albergs juvenils,651,,Eixample,,430554.9878037392,94,﻿99400592756,,True,2,,,7,159,Guest House Barcelona Bruc II - AJ000684,49509,2018-05-23T17:27:37,4582904.035881023,,2022-09-17T09:18:23.602045,65103001002001,Planol BCN >> Allotjament >> Altres allotjaments >> Albergs juvenils,41.39467412392286,,231766,la Dreta de l'Eixample,True,20001
,,2.1457682502398017,Tel.,,Santaló,Telèfons,8021,54733071,932095042,BARCELONA,Residències d'estudiants,651,,Sarrià-Sant Gervasi,,428588.7208862492,35,﻿75990118526,,True,5,,,26,160,Residència Universitària Mare Anna Ravell,318804,1996-09-18T00:00:00,4583024.984291601,,2023-10-03T10:42:29.560513,65103001002003,Planol BCN >> Allotjament >> Altres allotjaments >> Residències d'estudiants,41.39559126396927,,144120,Sant Gervasi - Galvany,True,20001
,,2.124815636888475,Tel.,,C Torns,Telèfons,8028,54733068,933343166,BARCELONA,Apartaments,651,,Sants-Montjuïc,,426812.9726586349,3,﻿99400609081,,True,3,,,17,161,Apartament Turístic DV - ATB-000083,338903,2018-09-21T12:14:12,4580650.811080611,,2022-09-17T10:54:37.610098,65103001002000,Planol BCN >> Allotjament >> Altres allotjaments >> Apartaments,41.37404843106652,,232505,Sants - Badal,True,20001
,,2.1734759532617027,Tel.,,C Unió,Telèfons,8001,54733069,934068322,BARCELONA,Albergs juvenils,651,,Ciutat Vella,,430888.20290757634,12,﻿75990681006,,True,1,,,1,162,Ideal Youth Hostel - AJ000397,348907,2000-12-02T00:00:00,4581238.874198069,,2023-10-03T10:02:36.523335,65103001002001,Planol BCN >> Allotjament >> Altres allotjaments >> Albergs juvenils,41.379705230488696,,156205,el Raval,True,20001
,,2.1740495391710697,Tel.,,C Albareda,Telèfons,8004,54733069,934439466,BARCELONA,Albergs juvenils,651,,Sants-Montjuïc,,430929.9226365303,12,﻿99400194308,,True,3,,,11,163,Pars Teatro Hostel - AJ000529,5401,2007-11-02T10:47:04,4580583.346605565,,2022-09-17T06:53:30.525125,65103001002001,Planol BCN >> Allotjament >> Altres allotjaments >> Albergs juvenils,41.37380466601048,,219416,el Poble-sec,True,20001
,,2.134637162834471,Tel.,,C Melcior de Palau,Telèfons,8014,54733069,934905965,BARCELONA,Albergs juvenils,651,,Sants-Montjuïc,,427640.599476421,70,﻿99400194316,,True,3,,,18,164,Alberg Juvenil Alberguinn - AJ000532,207406,2007-11-02T11:08:47,4581273.219183297,,2022-09-17T06:53:33.236423,65103001002001,Planol BCN >> Allotjament >> Altres allotjaments >> Albergs juvenils,41.37972906212527,,219422,Sants,True,20001
,,2.1787873059471283,Tel.,,Rda Sant Pere,Telèfons,8010,54733069,935323663,BARCELONA,Albergs juvenils,651,,Eixample,,431344.29221625323,68,﻿99400391871,,True,2,,,7,172,Born Barcelona Hostel - AJ000624,309406,2015-07-20T17:15:51,4582497.1420119405,,2022-09-17T08:23:26.516729,65103001002001,Planol BCN >> Allotjament >> Altres allotjaments >> Albergs juvenils,41.39107712629763,,227329,la Dreta de l'Eixample,True,20001
,,2.132487351954574,Tel.,,Pg Bonanova,Telèfons,8022,54733071,932 540 965,BARCELONA,Residències d'estudiants,651,,Sarrià-Sant Gervasi,,427490.3043031039,8,﻿99400215068,,True,5,,,25,165,Residència Universitària La Salle Bonanova,44709,2008-10-09T18:28:44,4584218.225419785,,2022-09-17T07:04:40.441430,65103001002003,Planol BCN >> Allotjament >> Altres allotjaments >> Residències d'estudiants,41.4062399904267,,221461,Sant Gervasi - la Bonanova,True,20001
,,2.160142185993913,Tel.,,Ptge Concepció,Telèfons,8008,54733071,934 883 316,BARCELONA,Residències d'estudiants,651,,Eixample,,429789.5102379807,8,﻿99400215081,,True,2,,,7,166,Nostra Senyora de la Consolació,86006,2008-10-09T19:22:29,4582926.50150379,,2022-09-17T07:04:43.734566,65103001002003,Planol BCN >> Allotjament >> Altres allotjaments >> Residències d'estudiants,41.39480999853446,,221507,la Dreta de l'Eixample,True,20001
,,2.1600132500709988,Tel.,,C Casanova,Telèfons,8011,54733069,935666725,BARCELONA,Albergs juvenils,651,,Eixample,,429767.790684601,52,﻿99400391855,,True,2,,,8,167,Alberg Backpackers BCN Casanova - AJ000496,70607,2015-07-20T16:12:27,4581797.994510313,,2022-09-17T08:23:15.527941,65103001002001,Planol BCN >> Allotjament >> Altres allotjaments >> Albergs juvenils,41.38464402624659,,227589,l'Antiga Esquerra de l'Eixample,True,20001
,,2.186564094304583,Tel.,,Av Meridiana,Telèfons,8026,54733069,932458414,BARCELONA,Albergs juvenils,651,,Sant Martí,,432011.0163811459,97,﻿99400391859,,True,10,,,65,168,Barcelona Urbany Hostel - AJ000491,209900,2015-07-20T16:34:02,4584254.423005767,,2022-09-17T08:23:18.203398,65103001002001,Planol BCN >> Allotjament >> Altres allotjaments >> Albergs juvenils,41.40696107080535,,227593,el Clot,True,20001
,,2.1762320053769537,Tel.,,C Diputació,Telèfons,8013,54733069,933158721,BARCELONA,Albergs juvenils,651,,Eixample,,431137.0880913528,360,﻿99400391862,,True,2,,,7,169,Alberg Bed And Bike - AJ000604,100800,2015-07-20T16:50:43,4583175.277354056,,2022-09-17T08:23:19.984228,65103001002001,Planol BCN >> Allotjament >> Altres allotjaments >> Albergs juvenils,41.39716716580513,,227192,la Dreta de l'Eixample,True,20001
,,2.1776314121759204,Tel.,,C Alí Bei,Telèfons,8010,54733069,932311369,BARCELONA,Albergs juvenils,651,,Eixample,,431247.9051475017,15,﻿99400391864,,True,2,,,7,170,Black Swan Hostel - AJ000554,9209,2015-07-20T16:58:27,4582524.375726645,,2022-09-17T08:23:20.454898,65103001002001,Planol BCN >> Allotjament >> Altres allotjaments >> Albergs juvenils,41.3913141786265,,227471,la Dreta de l'Eixample,True,20001
,,2.174125132503212,Tel.,,C Girona,Telèfons,8010,54733069,936672473,BARCELONA,Albergs juvenils,651,,Eixample,,430955.97895816236,33,﻿99400391870,,True,2,,,7,171,Alberg  Don Moustache! - AJ000540,145003,2015-07-20T17:12:35,4582654.1384011265,,2022-09-17T08:23:23.283157,65103001002001,Planol BCN >> Allotjament >> Altres allotjaments >> Albergs juvenils,41.39245790315946,,227476,la Dreta de l'Eixample,True,20001
,,2.184353207057929,Tel.,,C Buenaventura Muñoz,Telèfons,8018,54733069,930161181,BARCELONA,Albergs juvenils,651,,Sant Martí,,431809.7096917134,16,﻿99400592652,,True,10,,,66,173,Alberg Arc House - AJ000645,50803,2018-05-23T12:23:04,4582502.132057434,,2022-09-17T09:18:04.636145,65103001002001,Planol BCN >> Allotjament >> Altres allotjaments >> Albergs juvenils,41.39116166395002,,231636,el Parc i la Llacuna del Poblenou,True,20001
,,2.130903870123052,Tel.,,C Nena Casas,Telèfons,8017,54733071,686076732,BARCELONA,Residències d'estudiants,651,,Sarrià-Sant Gervasi,,427346.2349544041,37,﻿99400475178,,True,5,,,24,174,Casa Sant Felip Neri,227200,2017-01-13T14:32:18,4583051.78576547,,2022-09-17T08:49:31.170043,65103001002003,Planol BCN >> Allotjament >> Altres allotjaments >> Residències d'estudiants,41.39572136064741,,229506,les Tres Torres,True,20001
,,2.133426059951285,Tel.,,C Ciutat de Balaguer,Telèfons,8022,54733071,932127592,BARCELONA,Residències d'estudiants,651,,Sarrià-Sant Gervasi,,427567.4285828474,65,﻿75990039581,,True,5,,,25,175,Residència d'Estudiants Roca,80203,1996-09-17T00:00:00,4584083.799747194,,2023-10-03T10:45:31.654621,65103001002003,Planol BCN >> Allotjament >> Altres allotjaments >> Residències d'estudiants,41.40503622908701,,136788,Sant Gervasi - la Bonanova,True,20001
,,2.1680939215046995,Tel.,,Elisabets,Telèfons,8001,54733071,933178518,BARCELONA,Residències d'estudiants,651,,Ciutat Vella,,430441.71817137185,19,﻿75990334132,,True,1,,,1,176,Residència Universitària Elisabets,108506,1996-09-18T00:00:00,4581613.095454098,,2023-10-03T10:02:58.997325,65103001002003,Planol BCN >> Allotjament >> Altres allotjaments >> Residències d'estudiants,41.38303725102268,,150544,el Raval,True,20001
,,2.123799000449754,Tel.,,Ptge Regent Mendieta,Telèfons,8028,54733069,934 490 596,BARCELONA,Albergs juvenils,651,,Les Corts,,426731.4833748939,5,﻿99400391949,,True,4,,,20,177,Yellow Nest Hostel - AJ000531,277401,2015-07-21T12:05:03,4581000.611648322,,2022-09-17T08:24:09.331038,65103001002001,Planol BCN >> Allotjament >> Altres allotjaments >> Albergs juvenils,41.37719152808319,,227118,la Maternitat i Sant Ramon,True,20001
,,2.1645312493204925,Tel.,,C València,Telèfons,8007,54733069,932153645,BARCELONA,Albergs juvenils,651,,Eixample,,430155.01771715074,278,﻿99400592661,,True,2,,,7,178,Alberg Lenin Hostel - AJ000655,350308,2018-05-23T12:39:01,4582776.411043723,,2022-09-17T09:18:08.473810,65103001002001,Planol BCN >> Allotjament >> Altres allotjaments >> Albergs juvenils,41.39349001227374,,231761,la Dreta de l'Eixample,True,20001
,,2.1752857129194934,Tel.,,Pl Reial,Telèfons,8002,54733069,933 185 190,BARCELONA,Albergs juvenils,651,,Ciutat Vella,,431039.5634355078,17,﻿75990210632,,True,1,,,2,179,Alberg Kabul - AJ000339,276001,1996-09-18T00:00:00,4581240.772210454,,2023-10-03T10:03:13.833484,65103001002001,Planol BCN >> Allotjament >> Altres allotjaments >> Albergs juvenils,41.37973531200141,,147341,el Barri Gòtic,True,20001
,,2.12654419508824,Tel.,,Marquesa de Vilallonga,Telèfons,8017,54733071,932113629,BARCELONA,Residències d'estudiants,651,,Sarrià-Sant Gervasi,,426993.44013091596,19,﻿75990084868,,True,5,,,25,180,Residència Emilie de Villeneuve,200305,1996-09-18T00:00:00,4584212.331370369,,2023-10-03T10:43:13.556377,65103001002003,Planol BCN >> Allotjament >> Altres allotjaments >> Residències d'estudiants,41.406141934781516,,140510,Sant Gervasi - la Bonanova,True,20001
,,2.150446614062424,Tel.,,Av Príncep d'Astúries,Telèfons,8012,54733071,932172742,BARCELONA,Residències d'estudiants,651,,Gràcia,,428989.0997967082,42,﻿96239131453,,True,6,,,31,181,Josefines de la Caritat,267000,1996-08-26T00:00:00,4583967.234185452,,2022-09-17T05:23:24.672072,65103001002003,Planol BCN >> Allotjament >> Altres allotjaments >> Residències d'estudiants,41.40411320439684,,193629,la Vila de Gràcia,True,20001
,,2.113517757319556,Tel.,,Pg Til.lers,Telèfons,8034,54733071,933904300,BARCELONA,Residències d'estudiants,651,,Les Corts,,425884.4823345905,19,﻿99400010026,,True,4,,,21,182,Residència Universitària Torre Girona,336001,2002-06-25T20:14:54,4582254.045231116,,2022-09-17T05:56:43.997604,65103001002003,Planol BCN >> Allotjament >> Altres allotjaments >> Residències d'estudiants,41.388403084535035,,205052,Pedralbes,True,20001
,,2.1758595087789336,Tel.,,C Rambla,Telèfons,8002,54733068,933182612,BARCELONA,Apartaments,651,,Ciutat Vella,,431086.654996863,34,﻿75990024905,,True,1,,,2,183,Apartament Turístic Mur-Mar - ATB-000042,34308,1996-09-17T00:00:00,4581146.914136179,,2023-10-03T10:03:58.069007,65103001002000,Planol BCN >> Allotjament >> Altres allotjaments >> Apartaments,41.37889399417279,,136331,el Barri Gòtic,True,20001
,,2.1712826219252315,,,C Cartagena,,8025,54733071,,BARCELONA,Residències d'estudiants,651,,Horta-Guinardó,,430740.5755728333,369,﻿75990624420,,True,7,,,33,184,Centre d’Acollida del Baix Guinardó per a la Recuperació de Persones Sense Llar amb Addiccions,68900,2000-03-04T00:00:00,4584980.770665788,,2024-02-12T09:56:39.023537,65103001002003,Planol BCN >> Allotjament >> Altres allotjaments >> Residències d'estudiants,41.41339457496639,,,el Baix Guinardó,,
,,2.1777034450489894,Tel.,,C Avellà,Telèfons,8003,54733071,933191753,BARCELONA,Residències d'estudiants,651,,Ciutat Vella,,431248.02727336984,1,﻿75990020841,,True,1,,,4,185,Residencia e Institución Javeriana,28600,1996-09-17T00:00:00,4581902.572794015,,2023-10-03T10:04:00.388114,65103001002003,Planol BCN >> Allotjament >> Altres allotjaments >> Residències d'estudiants,41.38571379676802,,134889,"Sant Pere, Santa Caterina i la Ribera",True,20001
,,2.1659556118801384,Tel.,,Pg Gràcia,Telèfons,8007,54733069,932156538,BARCELONA,Albergs juvenils,651,,Eixample,,430271.3606455887,33,﻿99400164293,,True,2,,,7,186,Alberg Equity Point Centric - AJ000470,148307,2006-07-06T10:39:45,4582491.182850528,,2022-09-17T06:37:08.437508,65103001002001,Planol BCN >> Allotjament >> Altres allotjaments >> Albergs juvenils,41.39093115243652,,216471,la Dreta de l'Eixample,True,20001
,,2.111235787328662,Tel.,,Esports,Telèfons,8017,54733071,932065540,BARCELONA,Residències d'estudiants,651,,Sarrià-Sant Gervasi,,425708.81371619884,1,﻿99131131418,,True,5,,,23,187,Residència Universitària Sarrià,98854,1999-05-11T00:00:00,4583730.014794271,,2022-09-17T05:51:27.616106,65103001002003,Planol BCN >> Allotjament >> Altres allotjaments >> Residències d'estudiants,41.401680248487125,,202104,Sarrià,True,20001
,106,2.1120339123496783,Tel.,,Avinguda d'Esplugues,Telèfons,8034,54733071,93 522 01 79,Barcelona,Residències d'estudiants,651,,Les Corts,,425765.76072968,102,﻿99400684274,,True,4,,,21,188,Residència d'Estudiants Vita Student - Pedralbes,115400,2022-01-20T10:00:25.443196,4582776.248770949,,2022-01-20T10:04:08.409477,65103001002003,Planol BCN >> Allotjament >> Altres allotjaments >> Residències d'estudiants,41.39309538488682,,439517,Pedralbes,False,20001
,,2.1664294981305656,Tel.,,Rda Universitat,Telèfons,8007,54733069,635669021,BARCELONA,Albergs juvenils,651,,Eixample,,430306.5403993253,17,﻿99400005142,,True,2,,,7,189,Alternative Creative Youth Hostel - AJ000534,349309,2002-06-06T15:12:59,4582029.35936402,,2022-09-17T05:56:28.262041,65103001002001,Planol BCN >> Allotjament >> Altres allotjaments >> Albergs juvenils,41.386774708172744,,204449,la Dreta de l'Eixample,True,20001
,,2.171010168799885,Tel.,,C Nou de la Rambla,Telèfons,8001,54733069,931 850 800,BARCELONA,Albergs juvenils,651,,Ciutat Vella,,430677.96603861346,91,﻿99400215045,,True,1,,,1,190,Barcelona Sound Hostel - AJ000440,86902,2008-10-09T17:09:27,4580817.148271574,,2022-09-17T07:04:39.896591,65103001002001,Planol BCN >> Allotjament >> Altres allotjaments >> Albergs juvenils,41.375888785538486,,221460,el Raval,True,20001
,,2.1767529806650527,Tel.,,C Avinyó,Telèfons,8002,54733071,933 188 716,BARCELONA,Residències d'estudiants,651,,Ciutat Vella,,431163.7181970401,20,﻿99400215084,,True,1,,,2,191,Sagrada Familia d'Urgell,29400,2008-10-09T19:43:30,4581393.7927422235,,2022-09-17T07:04:45.095475,65103001002003,Planol BCN >> Allotjament >> Altres allotjaments >> Residències d'estudiants,41.38112415479135,,221463,el Barri Gòtic,True,20001
,,2.1298247653136393,Tel.,,C Alt de Gironella,Telèfons,8017,54733071,933 188 716,BARCELONA,Residències d'estudiants,651,,Sarrià-Sant Gervasi,,427254.9088656728,7,﻿99400215137,,True,5,,,24,192,Residència Sagrado Corazón de Jesús,11903,2008-10-10T13:19:14,4582941.637820347,,2022-09-17T07:04:49.377865,65103001002003,Planol BCN >> Allotjament >> Altres allotjaments >> Residències d'estudiants,41.39472104848909,,221304,les Tres Torres,True,20001
,,2.119786980395883,Tel.,,Av Diagonal,Telèfons,8028,54733071,932 162 700,BARCELONA,Residències d'estudiants,651,,Les Corts,,426406.0183228754,643,﻿99400215164,,True,4,,,20,193,Residència Sant Raimon de Penyafort,144601,2008-10-10T16:04:36,4581991.16691015,,2022-09-17T07:04:51.601124,65103001002003,Planol BCN >> Allotjament >> Altres allotjaments >> Residències d'estudiants,41.38608333875309,,221465,la Maternitat i Sant Ramon,True,20001
,,2.1911170166945264,Reserves,,Pg Salvat Papasseit,Telèfons,8003,54733071,902444447,BARCELONA,Residències d'estudiants,651,,Ciutat Vella,,432366.2654755806,4,﻿99400010027,,True,1,,,3,194,Residència Universitària Campus del Mar,294874,2002-06-25T20:16:41,4581541.018548025,,2022-09-17T05:56:45.675374,65103001002003,Planol BCN >> Allotjament >> Altres allotjaments >> Residències d'estudiants,41.38255216544626,,204617,la Barceloneta,True,20040
,,2.1605710905377142,Tel.,,C Mallorca,Telèfons,8008,54733071,932152509,BARCELONA,Residències d'estudiants,651,,Eixample,,429822.5759767843,234,﻿96236134125,,True,2,,,7,195,Esclaves del Sagrat Cor de Jesús,191204,1996-08-23T00:00:00,4582638.156323722,,2022-09-17T05:22:55.731766,65103001002003,Planol BCN >> Allotjament >> Altres allotjaments >> Residències d'estudiants,41.39221585974747,,194047,la Dreta de l'Eixample,True,20001
,,2.13706118580056,Tel.,,C Muntaner,Telèfons,8022,54733071,934174802,BARCELONA,Residències d'estudiants,651,,Sarrià-Sant Gervasi,,427869.5316862158,507,﻿99400009986,,True,5,,,25,196,Residencias Universitarias San Marius,223606,2002-06-22T14:28:00,4583905.919546487,,2023-10-03T10:36:47.362002,65103001002003,Planol BCN >> Allotjament >> Altres allotjaments >> Residències d'estudiants,41.40346129945543,,205217,Sant Gervasi - la Bonanova,True,20001
,,2.1298247651935123,Tel.,,Alt de Gironella,Telèfons,8017,54733071,932035459,BARCELONA,Residències d'estudiants,651,,Sarrià-Sant Gervasi,,427254.9088656726,7,﻿96239131214,,True,5,,,24,197,Residència del Cor de Jesús,11903,1996-08-26T00:00:00,4582941.63882034,,2022-02-08T12:48:56.802421,65103001002003,Planol BCN >> Allotjament >> Altres allotjaments >> Residències d'estudiants,41.394721057495595,,193628,les Tres Torres,True,20001
,,2.14824894371729,Tel.,,C Comte d'Urgell,Telèfons,8036,54733070,933633580,BARCELONA,Col.legis majors,651,,Eixample,,428787.77213170566,187,﻿92168153003,,True,2,,,9,198,Col.legi Major Ramon Llull,349706,1992-02-18T00:00:00,4582175.602620509,,2022-09-17T04:52:10.577819,65103001002002,Planol BCN >> Allotjament >> Altres allotjaments >> Col.legis majors,41.387958851510035,,171813,la Nova Esquerra de l'Eixample,True,20001
,,2.101812736653692,Tel.,,C Major del Rectoret,Telèfons,8017,54733069,932800985,BARCELONA,Albergs juvenils,651,,Sarrià-Sant Gervasi,,424944.6066343561,2,﻿99400085514,,True,5,,,22,199,Alberg In-Out - AJ000427,206458,2004-05-13T10:17:56,4586001.095483607,,2022-09-17T06:17:20.155484,65103001002001,Planol BCN >> Allotjament >> Altres allotjaments >> Albergs juvenils,41.422063723798516,,210830,"Vallvidrera, el Tibidabo i les Planes",True,20001
,,2.156256512071558,Tel.,,Doctor Rizal,Telèfons,8006,54733071,932374961,BARCELONA,Residències d'estudiants,651,,Gràcia,,429467.86229441944,6,﻿75990049181,,True,6,,,31,200,Residència Teatinas Immaculada Concepció,103400,1996-09-18T00:00:00,4583257.2092108065,,2023-10-03T10:44:45.396086,65103001002003,Planol BCN >> Allotjament >> Altres allotjaments >> Residències d'estudiants,41.39776041751581,,137550,la Vila de Gràcia,True,20001
,,2.1288439622628417,Tel.,,Via Augusta,Telèfons,8017,54733071,932032362,BARCELONA,Residències d'estudiants,651,,Sarrià-Sant Gervasi,,427176.20555948943,289,﻿75990020227,,True,5,,,24,201,Residencia Madre Isabel Larrañaga,28000,1996-09-17T00:00:00,4583269.750602717,,2023-10-03T10:45:24.482670,65103001002003,Planol BCN >> Allotjament >> Altres allotjaments >> Residències d'estudiants,41.39766909750092,,134837,les Tres Torres,True,20001
,,2.1601392436740987,Tel.,,Ptge Concepció,Telèfons,8008,54733071,934880756,BARCELONA,Residències d'estudiants,651,,Eixample,,429789.26424037124,8,﻿75990040560,,True,2,,,7,202,Residència Estudiants Nuestra Señora de la Consolación,86006,1996-09-18T00:00:00,4582926.501503738,,2023-10-03T10:18:38.078464,65103001002003,Planol BCN >> Allotjament >> Altres allotjaments >> Residències d'estudiants,41.39480997705713,,137731,la Dreta de l'Eixample,True,20001
,,2.15119145633249,Centraleta,,Bretón de los Herreros,Telèfons,8012,54733068,932189100,BARCELONA,Apartaments,651,,Gràcia,,429049.18425991456,26,﻿75990028628,,True,6,,,31,203,Apartament Turístic Silver - ATB-000005,48700,1996-09-17T00:00:00,4583744.686368496,,2023-10-03T10:45:15.710914,65103001002000,Planol BCN >> Allotjament >> Altres allotjaments >> Apartaments,41.40211410663978,,136068,la Vila de Gràcia,True,20003
,,2.183146580613489,Tel.,,C Sardenya,Telèfons,8013,54733071,932666100,BARCELONA,Residències d'estudiants,651,,Eixample,,431713.7575180754,101,﻿99400098252,,True,2,,,5,204,Residència Onix,76807,2004-10-25T16:58:07,4583025.584931248,,2022-09-17T06:20:14.451920,65103001002003,Planol BCN >> Allotjament >> Altres allotjaments >> Residències d'estudiants,41.395868108415975,,211293,el Fort Pienc,True,20001
,,2.179601014098398,Tel.,,C Gignàs,Telèfons,8002,54733069,933 150 304,BARCELONA,Albergs juvenils,651,,Ciutat Vella,,431401.3248988874,6,﻿75990287314,,True,1,,,2,205,Hostal New York - AJ000542,145400,1996-09-18T00:00:00,4581334.978364561,,2023-10-03T10:03:05.070688,65103001002001,Planol BCN >> Allotjament >> Altres allotjaments >> Albergs juvenils,41.3806147238671,,148448,el Barri Gòtic,True,20001
,,2.1605710905377142,Tel.,,Mallorca,Telèfons,8008,54733071,932152584,BARCELONA,Residències d'estudiants,651,,Eixample,,429822.5759767843,234,﻿75990080112,,True,2,,,7,206,Residència Esclavas del Sagrado Corazón de Jesús,191204,1996-09-18T00:00:00,4582638.156323722,,2023-10-03T10:18:50.257551,65103001002003,Planol BCN >> Allotjament >> Altres allotjaments >> Residències d'estudiants,41.39221585974747,,140610,la Dreta de l'Eixample,True,20001
,7,2.1343495003610538,Tel.,,Carrer de Can Ràbia,Telèfons,8017,54733071,689954120,Barcelona,Residències d'estudiants,651,,Sarrià-Sant Gervasi,,427631.216,7,﻿99400695472,,True,5,,,24,207,Residència d'Estudiants LIV Student Sarrià,700785,2022-07-22T12:21:53.890768,4582742.042,,2022-09-01T09:25:20.839425,65103001002003,Planol BCN >> Allotjament >> Altres allotjaments >> Residències d'estudiants,41.39295732192435,,461559,les Tres Torres,False,20001
,,2.163599617066902,Tel.,,C Còrsega,Telèfons,8037,54733071,934578354,BARCELONA,Residències d'estudiants,651,,Eixample,,430083.7072685267,390,﻿75990044652,,True,2,,,7,208,Residència Estudiants Lumen,90502,1996-09-18T00:00:00,4583458.186378324,,2023-10-03T10:19:25.688829,65103001002003,Planol BCN >> Allotjament >> Altres allotjaments >> Residències d'estudiants,41.39962433133782,,138179,la Dreta de l'Eixample,True,20001
,114,2.1978064878482475,Tel.,,Carrer del Perú,Telèfons,8018,54733071,664 098 216,Barcelona,Residències d'estudiants,651,,Sant Martí,,432953.355,110,﻿99400732118,,True,10,,,71,209,Residència d'Estudiants Blau Student Housing,253902,2024-03-12T09:19:36.295530,4584533.284,,2024-03-12T09:21:45.447424,65103001002003,Planol BCN >> Allotjament >> Altres allotjaments >> Residències d'estudiants,41.409551841604326,,594319,Provençals del Poblenou,True,20001
,,2.140438393126594,Tel.,,C Viriat,Telèfons,8014,54733071,931454082,BARCELONA,Residències d'estudiants,651,,Sants-Montjuïc,,428126.55573391926,37,﻿99400631750,,True,3,,,18,210,Residència d'Estudiants Garbí,366206,2019-07-10T12:28:30,4581355.881480165,,2022-09-17T11:05:25.566027,65103001002003,Planol BCN >> Allotjament >> Altres allotjaments >> Residències d'estudiants,41.38051712570059,,233364,Sants,True,20001
