Espai,Any,Assistents
Diversos espais de la ciutat,2023,12163.0
SAT! Sant Andreu Teatre,2023,551.0
Diversos espais de la ciutat,2023,600.0
Sala Heliogàbal i Casinet d¿Hostafrancs,2023,660.0
Diversos espais de la ciutat,2023,12144.0
Diversos espais de la ciutat,2023,61261.0
Fira de Barcelona Gran Via,2023,58107.0
Edifici Històric de la Universitat de Barcelona,2023,1950.0
Barri de Poblenou,2023,220000.0
Ateneu Popular 9 Barris,2023,823.0
Diversos espais de la ciutat,2023,8695.0
Xarxa de centres cívics,2023,22086.0
L'Auditori,2023,3748.0
Antiga Fàbrica Estrella Damm,2023,4000.0
Diversos espais de la ciutat,2023,1521.0
Diversos espais de la ciutat,2023,12000.0
Diversos espais de la ciutat,2023,14429.0
Diversos espais de la ciutat,2023,26140.0
Diversos espais de la ciutat,2023,33463.0
Disseny Hub Barcelona,2023,9150.0
Centre de Cultura Contemporània de Barcelona. CCCB,2023,435.0
Centre de Cultura Contemporània de Barcelona. CCCB,2023,2789.0
Diversos espais de la ciutat,2023,1878.0
Diversos espais de la ciutat,2023,206.0
Diversos espais de la ciutat,2023,1800.0
Diversos espais de la ciutat,2023,21601.0
Disseny Hub Barcelona,2023,5000.0
Fira de Barcelona Montjuïc,2023,110000.0
Diversos espais de la ciutat,2023,1810.0
Diversos espais de la ciutat,2023,1020.0
Ateneu Popular 9 Barris,2023,878.0
Diversos espais de la ciutat,2023,12888.0
Diversos espais de la ciutat,2023,18700.0
Parc del Fòrum,2023,243000.0
Parc de les Glòries,2023,20000.0
Diversos espais de la ciutat,2023,1119.0
Diversos espais de la ciutat,2023,800.0
Diversos espais de la ciutat,2023,788.0
Districte de Ciutat Vella,2023,1145.0
Fabra i Coats Fàbrica de creació,2023,610.0
Castell de Montjuïc,2023,10185.0
Diversos espais de la ciutat,2023,5225.0
Centre de Cultura Contemporània de Barcelona. CCCB,2023,800.0
Diversos espais de la ciutat,2023,9602.0
Fabra i Coats Fàbrica de creació,2023,10000.0
Diversos espais de la ciutat,2023,14000.0
Barri de Poblenou,2023,20000.0
Diversos espais de la ciutat,2023,6831.0
La Pedrera,2023,4619.0
Diversos espais de la ciutat,2023,5482.0
Diversos espais de la ciutat,2023,960.0
Diversos espais de la ciutat,2023,4531.0
Diversos espais de la ciutat,2023,250.0
Parc del Fòrum,2023,34000.0
Diversos espais de la ciutat,2023,6600.0
Diversos espais de la ciutat,2023,1642.0
Diversos espais de la ciutat,2023,119628.0
Districte de les Corts,2023,7950.0
Diversos espais de la ciutat,2023,2113.0
Jardins del Palau de Pedralbes,2023,38000.0
Xarxa de centres cívics,2023,4037.0
Districte de l'Eixample,2023,3921.0
Centre Cultural la Farinera,2023,400.0
Diversos espais de la ciutat,2023,110582.0
Diversos espais de la ciutat,2023,4728.0
Palau Güell,2023,262.0
Castell de Montjuïc,2023,2577.0
Barri Gòtic,2023,1382.0
Castell de Montjuïc,2023,38400.0
Diversos espais de la ciutat,2023,3000.0
Pavelló Mies van der Rohe,2023,351.0
Diversos espais de la ciutat,2023,3300.0
CC Sant Agustí,2023,345.0
Parc del Fòrum,2023,76000.0
Platja de Sant Sebastià (Barceloneta),2023,25100.0
Horts de Can Soler,2023,59.0
Districte de Nou Barris,2023,7000.0
La terrassa de Diagonal Mar,2023,6500.0
CC del Besòs i el Maresme,2023,476.0
Poble Espanyol ,2023,48000.0
Finca Pedro Pons de la Universitat de Barcelona,2023,1151.0
Diversos espais de la ciutat,2023,500.0
Barri de la Guineueta,2023,220.0
Parc del Fòrum,2023,60000.0
Diversos espais de la ciutat,2023,61000.0
Jardins de la Sedeta,2023,2500.0
Districte de Sant Andreu,2023,3612.0
Diversos espais de la ciutat,2023,7365.0
Moll de la Fusta de Barcelona,2023,64000.0
Barri de Gràcia,2023,5000.0
Fundació Joan Miró,2023,2089.0
Diversos espais de la ciutat,2023,7100.0
Diversos espais de la ciutat,2023,86003.0
Diversos espais de la ciutat,2023,75150.0
Diversos espais de la ciutat,2023,108730.0
Diversos espais de la ciutat,2023,980.0
Diversos espais de la ciutat,2023,1566.0
Lluïsos de Gràcia,2023,300.0
Diversos espais de la muntanya de Collserola,2023,1304.0
Pla de Montbau,2023,7000.0
MNAC,2023,2000.0
Districte de Sant Andreu,2023,2098.0
Biblioteques d'Horta Guinardó,2023,518.0
Diversos espais de la ciutat,2023,1604.0
Barri de Poblenou,2023,640.0
Fira de Barcelona Montjuïc,2023,7400.0
Xarxa de centres cívics,2023,23398.0
Fira de Barcelona Montjuïc,2023,16470.0
Centre de Cultura Contemporània de Barcelona. CCCB,2023,453.0
Teatre La Puntual,2023,621.0
Diversos espais de la ciutat,2023,531.0
Parc de Montjuïc,2023,80000.0
Diversos espais de la ciutat,2023,1156.0
Diversos espais de la ciutat,2023,1927.0
Diversos espais de la ciutat,2023,1076.0
Diversos espais de la ciutat,2023,45000.0
Diversos espais de la ciutat,2023,7050.0
Diversos espais de la ciutat,2023,1826.0
Barri de Poblenou,2023,2226.0
Centre LGTBI de Barcelona,2023,100.0
Diversos espais de la ciutat,2023,1018.0
Diversos espais de la ciutat,2023,76600.0
Diversos espais de la ciutat,2023,12666.0
Centre de Cultura Contemporània de Barcelona. CCCB,2023,8462.0
Xarxa de centres cívics,2023,3995.0
Cinemes Aribau Multicines,2023,35000.0
Diversos espais de la ciutat,2023,8557.0
Fundació Joan Brossa - Centre de les Arts Lliures,2023,182.0
Diversos espais de la ciutat,2023,1180.0
Diversos espais de la ciutat,2023,1634.0
Diversos espais de la ciutat,2023,606.0
Diversos espais de la ciutat,2023,15135.0
Diversos espais de la ciutat,2023,8000.0
Fabra i Coats Fàbrica de creació,2023,6924.0
Barri del Raval,2023,4000.0
Diversos espais de la ciutat,2023,12501.0
Facultat de Filosofia de la Universitat de Barcelona,2023,1200.0
Diversos espais de la ciutat,2023,10140.0
Antic Teatre,2023,206.0
Diversos espais de la ciutat,2023,310.0
Diversos espais de la ciutat,2023,118570.0
Diversos espais de la ciutat,2023,3812.0
Diversos espais de la ciutat,2023,32278.0
Diversos espais de la ciutat,2023,4200.0
CC Cotxeres de Sants,2023,614.0
Lluïsos de Gràcia,2023,178.0
Barri de Poblenou,2023,20000.0
Diversos espais de la ciutat,2023,4300.0
Diversos espais de la ciutat,2023,2081.0
Diversos espais de la ciutat,2023,3391.0
Disseny Hub Barcelona,2023,505.0
Centre de Cultura Contemporània de Barcelona. CCCB,2023,1100.0
Fira de Barcelona Gran Via,2023,165000.0
Pl Catalunya,2023,300000.0
Diversos espais de la ciutat,2022,512.0
Fabra i Coats Fàbrica de Creació,2022,5000.0
Diversos espais de la ciutat,2022,79563.0
Diversos espais de la ciutat,2022,3000.0
Diversos espais de la ciutat,2022,8968.0
Diversos espais de la ciutat,2022,60.0
Diversos espais de la ciutat,2022,8000.0
Diversos espais de la ciutat,2022,12000.0
Diversos espais de la ciutat,2022,7600.0
Diversos espais de la ciutat,2022,2569.0
Diversos espais de la ciutat,2022,34500.0
Platja del Fòrum,2022,25000.0
Diversos espais de la ciutat,2022,10635.0
Xarxa de centres cívics,2022,19400.0
Xarxa de centres cívics,2022,19578.0
Diversos espais de la ciutat,2022,450.0
Diversos espais de la ciutat,2022,13500.0
Diversos espais de la ciutat,2022,650.0
Diversos espais de la ciutat,2022,6832.0
Diversos espais de la ciutat,2022,20970.0
Diversos espais de la ciutat,2022,1126.0
Diversos espais de la ciutat,2022,516.0
Diversos espais de la ciutat,2022,6500.0
Diversos espais de la ciutat,2022,22000.0
Diversos espais de la ciutat,2022,350.0
Centre de Cultura Contemporània de Barcelona. CCCB,2022,1898.0
Diversos espais de la ciutat,2022,350000.0
Diversos espais de la ciutat,2022,2455.0
Cinemes Girona,2022,5909.0
Horts de Can Soler,2022,97.0
Filmoteca de Catalunya,2022,1850.0
Platja de Sant Sebastià (Barceloneta),2022,21000.0
Plaça Ceràmica Vicens i Jardins Bacardí,2022,3395.0
Ateneu Popular 9 Barris,2022,1215.0
Diversos espais de la ciutat,2022,1673.0
Fira Barcelona Montjuïc,2022,110000.0
Diversos espais de la ciutat,2022,30000.0
"Antiga Fàbrica Estrella Damm, Westfield Glòries i el Poble Espanyol",2022,33600.0
Diversos espais de la ciutat,2022,16626.0
Diversos espais de la ciutat i de l'Àrea Metropolitana,2022,26340.0
Diversos espais de la ciutat,2022,2842.0
Fabra i Coats Fàbrica de Creació,2022,30899.0
Diversos espais de la ciutat,2022,250.0
Diversos espais de la ciutat,2022,4025.0
Diversos espais de la ciutat,2022,4950.0
Jardins del Pou de la Figuera,2022,400.0
Diversos espais de la ciutat,2022,14710.0
Finca Pedro Pons de la Universitat de Barcelona,2022,1800.0
Paranimf de la Universitat de Barcelona,2022,2000.0
Centre Cultural La Farinera del Clot,2022,420.0
Centre Cívic Pati Llimona,2022,185.0
Diversos espais del Poble Nou,2022,2800.0
Centre Cívic La Sedeta,2022,1500.0
Diversos espais de la ciutat,2022,244.0
Antic Teatre,2022,160.0
Centre de Cultura Contemporània de Barcelona. CCCB,2022,160.0
Parc del Fòrum,2022,72000.0
Diversos espais de la ciutat,2022,949.0
Diversos espais de la ciutat,2022,818.0
Diversos espais de la ciutat,2022,6400.0
Fundació Joan Miró,2022,1945.0
Diversos espais de la ciutat,2022,1680.0
Diversos espais del barri del Raval,2022,2000.0
Diversos espais de la ciutat,2022,1932.0
Poble Espanyol,2022,5551.0
Diversos espais de la ciutat,2022,10243.0
L'Auditori,2022,2454.0
Diversos espais de la ciutat,2022,10000.0
Cinemes Aribau ,2022,30000.0
Diversos espais de la ciutat,2022,2337.0
Diversos espais de la ciutat,2022,2500.0
Diversos espais de la ciutat,2022,17000.0
Conservatori Municipal de Música de Barcelona,2022,590.0
Teatre La Puntual,2022,792.0
Jardins de Pedralbes,2022,90000.0
Diversos espais de la ciutat,2022,5700.0
Diversos espais de la ciutat,2022,1347.0
Diversos espais de la ciutat,2022,320.0
Diversos espais de la ciutat,2022,1120.0
Diversos espais de la ciutat,2022,50000.0
Centre de Cultura Contemporània de Barcelona. CCCB,2022,900.0
Diversos espais de la ciutat,2022,2090.0
Diversos espais de la ciutat,2022,1200.0
Diversos espais de la ciutat,2022,1070.0
Diversos espais de la ciutat,2022,4444.0
Antiga Fàbrica Estrella Damm,2022,8527.0
Diversos espais de la ciutat,2022,2120.0
Diversos espais de la ciutat,2022,2883.0
SAT! Sant Andreu Teatre,2022,1732.0
Fàbrica Lehmann,2022,500.0
Diversos espais de la ciutat,2022,610.0
Diversos espais de la ciutat,2022,17000.0
Diversos espais de la ciutat,2022,1300.0
Diversos espais de la ciutat,2022,109991.0
Diversos espais de la ciutat,2022,58319.0
Poble Espanyol,2022,15000.0
Diversos espais de la ciutat,2022,8000.0
Diversos espais de la ciutat,2022,1234.0
Diversos espais de la ciutat,2022,730.0
Diversos espais de la ciutat,2022,1433.0
Antic Teatre,2022,225.0
Diversos espais de la ciutat,2022,226.0
Diversos espais de la ciutat,2022,225.0
Diversos espais de la ciutat,2022,4600.0
Diversos espais de la ciutat,2022,711.0
Palau Robert,2022,8000.0
Diversos espais de la ciutat,2022,11000.0
Diversos espais de la ciutat,2022,4800.0
Diversos espais de la ciutat,2022,2600.0
Diversos espais de la ciutat,2022,1550.0
Diversos espais de la ciutat,2022,661.0
Terrat del Palau Güell,2022,200.0
Diversos espais de la ciutat,2022,8500.0
Diversos espais de la ciutat,2022,9000.0
Biblioteca Collserola ¿ Josep Miracle ,2022,592.0
Diversos espais del Districte de Sant Martí,2022,100000.0
Hotel Almanac,2022,4530.0
Diversos espais de la ciutat,2022,52000.0
Teatre dels Lluïsos de Gràcia,2022,340.0
Poble Espanyol,2022,8800.0
Fira Barcelona Gran Via,2022,163000.0
Centre de Cultura Contemporània de Barcelona. CCCB,2022,255.0
Centre Cívic Cotxeres de Sants,2022,278.0
Diversos espais de la ciutat,2022,22011.0
Jardins Elisava,2022,4200.0
Diversos espais de la ciutat,2022,179037.0
Centre Cultural La Farinera del Clot,2022,800.0
Diversos espais de la ciutat,2022,450.0
Diversos espais de la ciutat,2022,7000.0
Diversos espais de la ciutat,2022,1480.0
"CCCB, Pl. de Joan Coromines, Biblioteca Nou Barris, Biblioteca Poblenou-Manuel Arranz",2022,14000.0
Diversos espais de la ciutat,2022,1225.0
Diversos espais de la ciutat,2022,4000.0
Diversos espais de la ciutat,2022,250.0
Diversos espais de la ciutat,2022,6190.0
Diversos espais de la ciutat,2022,7961.0
Diversos espais de la ciutat,2022,600.0
Diversos espais de la ciutat,2022,1103.0
Diversos espais de la ciutat,2022,7300.0
Poble Espanyol,2022,4300.0
Poble Espanyol,2022,30000.0
Disseny Hub Barcelona,2022,5000.0
Diversos espais de la ciutat,2022,3000.0
Xarxa de centres cívics,2022,3341.0
Xarxa de centres cívics,2022,2077.0
Pavelló Mies van der Rohe,2022,311.0
Diversos espais de la ciutat,2022,460500.0
Diversos espais de la ciutat,2022,100.0
Diversos espais de la ciutat,2022,2150.0
Castell de Montjuïc,2022,2500.0
Diversos espais de la ciutat,2022,615.0
Pla de Montbau,2022,2000.0
Ateneu Popular 9 Barris,2022,380.0
Castell de Montjuïc,2022,28000.0
Diversos espais de la ciutat,2022,1000.0
Diversos espais de la ciutat,2022,50.0
Diversos espais de la ciutat,2022,5800.0
Moll de la Fusta,2022,50000.0
Poble Espanyol,2022,10000.0
Diversos espais de la ciutat,2022,17200.0
Diversos espais de la ciutat,2022,122000.0
Centre de Cultura Contemporània de Barcelona. CCCB,2022,1040.0
La terrassa de Diagonal Mar,2022,8500.0
Diversos espais de la ciutat,2022,4106.0
Diversos espais de la ciutat,2022,10000.0
Diversos espais de la ciutat,2022,1480.0
Poble Espanyol,2022,4000.0
Parc de Montjuïc,2022,60000.0
Diversos espais de la ciutat,2022,80000.0
Diversos espais de la ciutat,2022,650.0
Castell de Montjuïc,2021,600.0
Fabra i Coats,2021,6000.0
Diversos espais de la ciutat,2021,65182.0
Diversos espais de la ciutat,2021,800.0
Centre Cultura Contemporània Barcelona,2021,4715.0
Cinemes Girona,2021,5948.0
Arts Santa Mònica,2021,15900.0
Fossat del Mercat de Sant Antoni,2021,16000.0
Cinemes Girona,2021,57867.0
Diversos espais de la ciutat,2021,11199.0
Disseny Hub Barcelona,2021,34300.0
Diversos espais de la ciutat,2021,4901.0
29 centres cívics i culturals,2021,12435.0
29 centres cívics i culturals,2021,16751.0
Biblioteca de Catalunya,2021,160.0
"33 galeries d'art a Barcelona, L'Hospitalet, Sitges i Santa Margarida i els Monjos, i activitats especials en espais col·laboradors a Barcelona.",2021,13600.0
Diversos espais de la ciutat,2021,4884.0
Diversos espais de la ciutat,2021,6208.0
Fira de Barcelona,2021,15000.0
Museu Olímpic i de l'Esport Joan Antoni Samaranch,2021,300.0
Diversos espais de la ciutat,2021,8421.0
Sala Almo2bar,2021,300.0
CCCB,2021,1149.0
Poble Espanyol,2021,22600.0
Filmoteca de Catalunya i Cinema Maldà,2021,2032.0
Cinemes Girona,2021,4571.0
Cinemes Girona,2021,5910.0
Horts de Can Soler,2021,50.0
Diversos espais de la ciutat,2021,1565.0
CCCB,2021,14643.0
Diversos espais de la ciutat,2021,15450.0
Cinemes Girona,2021,2500.0
Fabra i Coats,2021,17000.0
Plaça del Nord / LLuïsos de Gràcia,2021,250.0
CCCB i Cinemes Aribau,2021,2318.0
Diversos espais de la ciutat,2021,15000.0
CCCB,2021,500.0
Finca Pedro Pons,2021,600.0
Paranimf Universitat de Barcelona,2021,150.0
CC Pati Llimona,2021,80.0
Centre Cívic Can Felipa,2021,1000.0
Sala Beckett,2021,382.0
Sala Beckett,2021,540.0
Espais Joves de la ciutat,2021,550.0
Parc del Fòrum,2021,45630.0
SAT!,2021,480.0
Pati de la Seu del Districte de Nou Barris,2021,2190.0
Filmoteca de Catalunya,2021,2200.0
Sala Barts,2021,2000.0
"Mercat de les Flors, SAT! Sant Andreu Teatre i Fàbrica de Creació Fabra i Coats",2021,7698.0
Centre Artesà Tradicionàrius,2021,7000.0
Cinemes Aribau,2021,24652.0
CaixaForum,2021,3000.0
Església de Santa Maria del Pi,2021,1000.0
"Plaça de les Dones del 36, Gràcia",2021,780.0
CCCB,2021,781.0
Diversos espais de la ciutat,2021,1650.0
El Castell de Montjuïc,2021,2300.0
MUHBA Oliva Artés,2021,100.0
Diversos espais de la ciutat,2021,1084.0
"Centres cívics, diversos interiors d'illa, plaça Fort Pienc i Mercat de Sant Antoni",2021,1699.0
Museu del Disseny,2021,10000.0
Diversos espais de la ciutat,2021,107888.0
Sala Barts,2021,45000.0
Poble Espanyol,2021,10130.0
Diversos espais de la ciutat,2021,5199.0
Cinemes Girona,2021,834.0
Fabra i Coats,2021,325.0
CCCB,2021,3638.0
CCCB,2021,10500.0
Fabrar i Coats,2021,3021.0
Cinemes Girona,2021,1200.0
Auditori Meier del MACBA,2021,280.0
Diversos espais de la ciutat,2021,1200.0
Fabra i Coats,2021,7000.0
Diversos espais de la ciutat,2021,117200.0
Teatre dels Lluïsos de Gràcia,2021,205.0
Poble Espanyol,2021,5153.0
Fira de Barcelona,2021,122000.0
CCCB,2021,305.0
Centre cívic Cotxeres de Sants,2021,400.0
"Palau de la Música, Jamboree Jazz club i Tarantos",2021,6407.0
CCCB,2021,245.0
Diversos espais de la ciutat,2021,52568.0
Espai Jove les Basses,2021,140.0
Fabra i Coats,2021,3100.0
CCCB i biblioteques Poblenou-Manuel Arranz i Nou Barris,2021,3800.0
Filmoteca de Catalunya i La Panafricana,2021,1400.0
Filmoteca de Catalunya,2021,4500.0
"Pl. Sant Felip Neri, CC Trinitat Vella i Cinemes Girona.",2021,200.0
Institut Francès de Barcelona,2021,4646.0
Filmoteca de Catalunya,2021,7109.0
Castell de Montjuïc,2021,572.0
Diversos espais de la ciutat,2021,1013.0
Diversos espais de la ciutat,2021,3000.0
Castell de Montjuïc,2021,595.0
Poble Espanyol,2021,2099.0
Parc del Fòrum,2021,40000.0
Poble Espanyol,2021,9813.0
Cinema Maldà,2021,150.0
Utopia 126,2021,3000.0
En la xarxa de centres cívics i a l'estiu llocs exteriors propers als centres.,2021,1569.0
CCCB,2021,250.0
Centre LGBTI de Barcelona,2021,300.0
Teatre Tantarantana,2021,1350.0
Castell de Montjuïc,2021,584.0
Castell de Montjuïc,2021,345.0
Diversos espais de la ciutat,2021,4270.0
Can Felipa,2021,30.0
Castell de Montjuïc,2021,3320.0
Fossat de Santa Eulàlia - Castell de Montjuïc,2021,28000.0
Castell de Montjuïc,2021,4739.0
CCCB,2021,6500.0
Moll de la Fusta,2021,12000.0
Anella Olimpica,2021,19394.0
Cinemes Girona,2021,3500.0
Fira de Barcelona. Pevelló Italià,2021,10000.0
CCCB i CC Pati Llimona,2021,40.0
Castell de Montjuïc,2021,460.0
Poble Espanyol,2021,1716.0
Diversos espais de la muntanya de Montjuïc,2021,37000.0
A la Biblioteca Bonnemaison i al CC Convent de Sant Agustí,2021,100.0
Diversos espais de la ciutat i Online,2020,40299.0
Diversos espais de la ciutat i Online,2020,800.0
Castell de Montjuïc,2020,1050.0
Diversos espais de la ciutat i Online,2020,1900.0
Cinemes Girona i online,2020,1348.0
Diversos espais de la ciutat,2020,6400.0
Diversos espais de la ciutat i Online,2020,2592.0
21 centres cívics de la ciutat i Online,2020,13371.0
29 centres cívics de la ciutat,2020,5831.0
Biblioteca de Catalunya i Online,2020,60.0
Diversos espais de la ciutat i Online,2020,6000.0
Diversos espais de la ciutat i Online,2020,1877.0
Online,2020,30.0
Diversos espais de la ciutat,2020,12097.0
Online i Filmoteca de Catalunya,2020,246.0
Filmoteca de Catalunya,2020,1410.0
Diversos espais de la ciutat,2020,928.0
Diversos espais de la ciutat i Online,2020,5272.0
Diversos espais de la ciutat,2020,39156.0
Cinemes Girona i online,2020,300.0
Lluïsos de Gràcia i Online,2020,100.0
Diversos espais de la ciutat,2020,1880.0
Diversos espais de la ciutat i Online,2020,670.0
Jardins Edifici Històric i Online,2020,20.0
Diversos espais de la ciutat i Online,2020,2500.0
Ca La Dona i online,2020,250.0
"Espais Joves (EJ Boca Nord, EJ La Bàscula, EJ Garcilaso) i Online",2020,103.0
CaixaForum i Online,2020,646.0
Online,2020,1000.0
Filmoteca de Catalunya,2020,2000.0
Jardins de Joan Maragall i Park Güell,2020,2500.0
La Puntual,2020,920.0
Poble Espanyol de Barcelona,2020,1870.0
Diversos espais de la ciutat,2020,7500.0
Diversos espais de la ciutat i Online,2020,12423.0
Jardins Pedralbes,2020,20168.0
Fabra i Coats: Fàbrica de Creació I Online,2020,278.0
Castell de Montjuïc,2020,1800.0
Diversos espais de la ciutat,2020,5147.0
Diversos espais de la ciutat,2020,324.0
Diversos centres cívics de l'Eixample,2020,652.0
Antic Teatre (sala),2020,325.0
Diversos espais de la ciutat,2020,23371.0
Diversos espais de la ciutat i Online,2020,35888.0
Diversos espais de la ciutat i Online,2020,1274.0
Antic Teatre,2020,125.0
Centre Cívic Pati Llimona,2020,810.0
Arts Santa Mònica,2020,3974.0
Cinemes Girona i Online,2020,88.0
Auditori MACBA,2020,721.0
"Espai de carrer, al costat del Centre Civic. L'espai entre els edificis del CC i el continuo. Online",2020,156.0
Diversos espais de la ciutat i Online,2020,9020.0
"Fabra i Coats, Fàbrica de Creació i Online",2020,632.0
Diversos espais del Poblenou,2020,200000.0
Diversos espais de la ciutat i Online,2020,2000.0
Lluïsos de Gràcia,2020,104.0
Diversos espais de la ciutat,2020,28972.0
Centre Cultural la Farinera del Clot ,2020,300.0
Filmoteca de Catalunya i Online,2020,2331.0
Diversos espais de la ciutat,2020,190.0
Teatre del Raval,2020,478.0
Diversos espais de la ciutat i Online,2020,119.0
Diversos espais de la ciutat i Online,2020,305.0
CCCB i Online,2020,480.0
Diversos espais de la ciutat,2020,769.0
Diversos espais de la ciutat,2020,3000.0
Diversos espais de la ciutat,2020,800.0
Centre LGTBI Barcelona i online,2020,250.0
"Teatre Tantarantana, Escenari Joan Brossa",2020,700.0
Filmoteca de Catalunya i Online,2020,715.0
Sala Boveda i Sala Sant Jordi Club,2020,700.0
Castell de Montjuïc,2020,9000.0
Moll de la Fusta i online,2020,25000.0
Diversos espais de la ciutat,2020,513.0
PLAYGROUND. DISTRICTE DE SANT MARTÍ,2020,1100.0
Espacio 100-SIMON i Online,2020,800.0
Cinemes Girona i Euskal Etxea de Barcelona,2020,189.0
Diversos espais de la ciutat,2019,52140.0
Diversos espais de la ciutat,2019,1500.0
Cinemes Girona,2019,9728.0
Fabra i Coats: Fàbrica de Creació,2019,4000.0
CaixaForum Barcelona,2019,3300.0
Filmoteca de Catalunya,2019,534.0
Disseny HUB Barcelona,2019,240.0
Arts Santa Mònica,2019,2500.0
Diversos espais de la ciutat,2019,10000.0
Cinemes Girona ,2019,8374.0
Centre d'art contemporani Piramidón,2019,235.0
Palau de la Música Catalana,2019,3600.0
Diversos espais de la ciutat,2019,94150.0
Museus de la ciutat,2019,18876.0
21 centres cívics de la ciutat,2019,19603.0
21 centres cívics de la ciutat,2019,17962.0
Diversos espais de la ciutat,2019,1250.0
Diverses galeries de la ciutat,2019,16500.0
Diversos espais de la ciutat,2019,1478.0
Diversos espais de la ciutat,2019,3000.0
Diversos espais de la ciutat,2019,7628.0
Club Natació Barcelona,2019,3100.0
Fira de Barcelona (Montjuïc),2019,18000.0
Diversos espais de la ciutat,2019,67000.0
Museu Olímpic i de l'Esport Joan Antoni Samaranch,2019,2510.0
Diversos espais de la ciutat,2019,7707.0
Diversos espais de la ciutat,2019,11000.0
Fabra i Coats: Fàbrica de Creació,2019,400.0
Diversos espais de la ciutat,2019,145500.0
Casc Antic de Barcelona,2019,1500.0
Centre Cultural la Farinera del Clot,2019,180.0
"Filmoteca de Catalunya, Arts Santa Mònica",2019,2858.0
Biblioteques de Barcelona,2019,253.0
Platja de Sant Sebastià-Barceloneta,2019,19500.0
Diversos espais de la ciutat,2019,1638.0
Ateneu Popular 9 Barris,2019,800.0
Diversos espais de la ciutat,2019,3237.0
Sant Pau Recite Modernista,2019,1814.0
NAU BOSTIK,2019,500.0
Parc del Fòrum,2019,62387.0
Aribau Cinema i CCCB,2019,18083.0
La Pedrera,2019,472.0
Diversos espais de la ciutat,2019,17190.0
Diversos espais de la ciutat,2019,3000.0
Fabra i Coats: Fàbrica de Creació,2019,30500.0
Lluïsos de Gràcia,2019,290.0
Parc del Fòrum,2019,25000.0
CCCB i Cinemes Aribau,2019,19415.0
Poble Espanyol,2019,3000.0
Diversos espais de la ciutat,2019,2700.0
Diversos espais de la ciutat ,2019,12000.0
Jardins Edifici Històric UB,2019,4000.0
Paranimf Edifici Històric UB,2019,2000.0
SAT! sant Andreu Teatre,2019,108.0
Centre Cultural la Farinera del Clot i Parc de les Glòries,2019,590.0
Centre Cívic Pati Llimona,2019,1175.0
Diversos espais de la ciutat,2019,4500.0
Biblioteca de Catalunya,2019,388.0
Disseny Hub Barcelona,2019,321.0
Castell de Montjuïc,2019,150.0
Sala Beckett,2019,486.0
Sala Beckett,2019,122.0
Antic Teatre,2019,70.0
Diversos espais de la ciutat,2019,940.0
SAT! sant Andreu Teatre,2019,796.0
Diversos espais de la ciutat,2019,4000.0
MACBA,2019,1500.0
Diversos espais de la ciutat,2019,2300.0
Diversos espais de la ciutat,2019,4750.0
Sala Barts i Museu Marítim de Barcelona,2019,2000.0
Diversos espais de la ciutat,2019,14200.0
Poble Espanyol,2019,6324.0
Diversos espais de la ciutat,2019,63190.0
Diversos espais de la ciutat,2019,50417.0
L'Auditori,2019,6709.0
CAT Centre Artesà Tradicionàrius,2019,13567.0
CaixaForum Barcelona,2019,2800.0
Església de Santa Maria del Pi i Palau de la Música Catalana,2019,3600.0
Cinemes Verdi,2019,15000.0
Diversos espais de la ciutat ,2019,7500.0
Jardins del Palau Reial de Pedralbes,2019,71441.0
Plaça de la Vila de Gràcia i Jamboree,2019,4600.0
Diversos espais de la ciutat,2019,2406.0
Diversos espais de la ciutat,2019,1468.0
Moll de la Fusta,2019,23000.0
CCCB,2019,1500.0
Fabra i Coats: Fàbrica de Creació,2019,1562.0
Castell de Montjuïc ,2019,1200.0
Diversos espais de la ciutat,2019,6026.0
Carrer Alfons el Magnànim,2019,3000.0
Diversos espais de la ciutat ,2019,1115.0
Diversos centres cívics de l'Eixample,2019,4719.0
SAT! sant Andreu Teatre,2019,1127.0
Institut français-Barcelone,2019,6350.0
Diversos espais de la ciutat,2019,10386.0
CCCB,2019,4757.0
Fabra i Coats: Fàbrica de Creació,2019,4000.0
Diversos espais de la ciutat,2019,124594.0
Casal de Joves Guineueta,2019,200.0
Diversos espais de la ciutat ,2019,54815.0
Diversos espais de la ciutat,2019,2200.0
Poble Espanyol,2019,16000.0
Centres Cívics de Barcelona i Mercat de les Flors,2019,2160.0
Aribau Multicines,2019,30000.0
Cinemes Girona,2019,200.0
Antic Teatre ,2019,120.0
Fabra i Coats - Fàbrica de Creació,2019,301.0
Fabra i Coats: Fàbrica de Creació,2019,25500.0
Disseny Hub Barcelona,2019,3500.0
CCCB,2019,13340.0
Arts Santa Mònica,2019,4527.0
CCCB,2019,18000.0
Fabra i Coats: Fàbrica de Creació,2019,2836.0
Cinemes Girona,2019,2000.0
Ateneu del Raval i Auditori Meier del MACBA ,2019,780.0
La Pedrera,2019,6650.0
Diversos espais de la ciutat ,2019,2500.0
Palau Güell,2019,345.0
"Fabra i Coats, Fàbrica de Creació",2019,15000.0
Diversos espais del Poblenou,2019,190000.0
Diversos espais de la ciutat,2019,110000.0
Lluïsos de Gràcia i diversos espais de la ciutat,2019,500.0
Església de Sant Pere de les Puel·les,2019,1200.0
Fira de Barcelona,2019,152523.0
Centre Cívic Cotxeres de Sants,2019,2100.0
Casal de Joves Guineueta,2019,100.0
Diversos espais de la ciutat,2019,16553.0
Jardins d'Elissava,2019,6000.0
Diversos espais de la ciutat,2019,14000.0
CCCB,2019,486.0
Diversos espais de la ciutat,2019,273262.0
Espai Jove Les Basses i auditori FNAC L?Illa,2019,520.0
Fabra i Coats: Fàbrica de Creació,2019,10000.0
"CCCB, MACBA, Pl. de Joan Coromines",2019,20000.0
Aribau Multicines,2019,5815.0
Centre Cultural la Farinera del Clot i Centre Cívic Can Felipa,2019,2500.0
Filmoteca de Catalunya,2019,1560.0
Filmoteca de Catalunya,2019,3450.0
Diversos espais de la ciutat,2019,450.0
Teatre del Raval,2019,774.0
Diversos espais de la ciutat,2019,16434.0
Cinemes Girona ,2019,377.0
Diversos espais de la ciutat,2019,2007.0
Castell de Montjuïc,2019,2580.0
"Arts Santa Monica, MACBA",2019,1400.0
La Pedrera,2019,253.0
Claustre de l'Oratori de Sant Felip Neri,2019,394.0
Poble Espanyol,2019,30000.0
Museu del Disseny,2019,5000.0
Institut français-Barcelona i Cinemes Texas,2019,3100.0
Diversos espais de la ciutat,2019,1569.0
Diversos espais de la ciutat,2019,1114.0
La Pedrera,2019,1362.0
Diversos espais de la ciutat,2019,15000.0
Diversos espais de la ciutat,2019,18000.0
Parc del Fòrum,2019,220000.0
CCCB,2019,1340.0
Centre LGTBI Barcelona,2019,200.0
"Teatre Tantarantana, Teatre CCCB",2019,800.0
Centre Cívic Convent de Sant Agustí,2019,530.0
Pla de Montbau,2019,4000.0
Ateneu Popular 9 Barris,2019,500.0
Castell de Montjuïc,2019,33600.0
Fira Barcelona Montjüic,2019,112000.0
Plaça dels Àngels,2019,3900.0
Centre Cultural la Farinera del Clot i diversos espais de la ciutat,2019,715.0
Jardins de les tres xemeneies,2019,1000.0
CCCB,2019,7200.0
Avinguda de la Catedral,2019,30000.0
Poble Espanyol,2019,9000.0
Diversos espais de la ciutat,2019,650.0
Parc de la Guineueta,2019,600.0
Diversos espais de la ciutat,2019,10250.0
Fira de Barcelona (Montjuïc i Gran Via L'Hospitalet),2019,105000.0
Fórum i Plaça Monumental ,2019,35000.0
Cinemes Girona i CosmoCaixa,2019,8000.0
Luthier Dansa,2019,125.0
Diversos espais de la ciutat,2019,1301.0
Castell de Montjuïc ,2019,7335.0
Diversos espais de la ciutat,2019,2200.0
Teatre CCCB,2019,350.0
Centre Cívic Convent de Sant Agustí,2019,580.0
Centre Cívic Besos,2014,1156.0
La Seca Espai Brossa,2014,357.0
Diversos espais de la ciutat,2014,45500.0
Diversos espais de la ciutat,2014,350.0
Diversos espais de la ciutat,2014,4300.0
Transforma BCN,2014,1800.0
Arts de Santa Mònica,2014,10500.0
Diversos espais de la ciutat,2014,7500.0
"Barcelona Culture World, Poble Nou",2014,700.0
Diversos espais de la ciutat,2014,99179.0
Platja Port Fòrum,2014,23500.0
El Molino,2014,2000.0
Diversos espais de la ciutat,2014,11000.0
Diversos espais de la ciutat,2014,2100.0
Fira de Barcelona,2014,106000.0
Sala Moragues del Born Centre Cultural,2014,1256.0
Diversos espais de la ciutat,2014,4236.0
Museu Marítim de Barcelona i Sala Apolo,2014,1200.0
Diversos espais de la ciutat,2014,9741.0
Museu Olímpic i Sala Àmbit Cultural Corte Inglés,2014,2800.0
Diversos espais de la ciutat,2014,9762.0
Diversos espais de la ciutat,2014,360.0
CCCB,2014,9000.0
Diversos espais de la ciutat,2014,450.0
Cinemes Boliche,2014,936.0
Platja de Sant Sebastià,2014,10000.0
Mercat de les Flors i Metro,2014,7500.0
Diversos espais de la ciutat,2014,600.0
Diversos espais de la ciutat,2014,5000.0
Diversos espais de la ciutat,2014,10000.0
La Pedrera,2014,464.0
Fabra i Coats,2014,14100.0
La Pedrera,2014,1052.0
Diversos espais de la ciutat,2014,2487.0
Diversos espais de la ciutat,2014,5445.0
CCCB,2014,9636.0
Diversos espais de la ciutat,2014,2000.0
Fabra i Coats,2014,1500.0
Diversos espais de la ciutat,2014,10420.0
Diversos espais de la ciutat,2014,2073.0
CCCB,2014,1370.0
Diversos espais de la ciutat,2014,4000.0
Esglesia del Pi de Barcelona,2014,250.0
Edifici Disseny Hub Barcelona,2014,350.0
Edifici Disseny Hub Barcelona,2014,39202.0
Ca la Dona,2014,480.0
plaça Rovira i Trias,2014,6600.0
Diversos espais de la ciutat,2014,969.0
Antic Teatre,2014,80.0
Diversos espais de la ciutat,2014,12000.0
Diversos espais de la ciutat,2014,1751.0
Parc del Besos,2014,5000.0
Poble Espanyol,2014,350.0
Parc del Fòrum,2014,41000.0
SAT,2014,506.0
Teatre Tantarantana,2014,310.0
Diversos espais de la ciutat,2014,2500.0
Cinemes Girona,2014,670.0
Diversos espais de la ciutat,2014,1600.0
Diversos espais de la ciutat,2014,12000.0
Diversos espais de la ciutat,2014,9300.0
Diversos espais de la ciutat,2014,450.0
Poble Espanyol,2014,4066.0
Diversos espais de la ciutat,2014,22000.0
Diversos espais de la ciutat,2014,14000.0
Mercat de les Flors,2014,2714.0
Patí de la Seu del districte de Nou Barris,2014,1800.0
Centre Artesà Tradicionàrius i l'Auditori de Barcelona,2014,13000.0
Diversos espais de la ciutat,2014,29000.0
Antic Teatre,2014,320.0
Diversos espais de la ciutat,2014,3000.0
Cinemes Girona i Restaurant Entresuelo,2014,1000.0
Filmoteca de Catalunya i Casa Amèrica Catalunya,2014,3522.0
La Puntual,2014,1063.0
Jardins del Palau Reial de Pedralbes,2014,28000.0
Diversos espais de la ciutat,2014,5000.0
Diversos espais de la ciutat,2014,2499.0
Fabra i Coats,2014,500.0
Diversos espais de la ciutat,2014,7500.0
CCCB,2014,2200.0
Teatre Museu. Rei de la Màgia,2014,367.0
El Mercat de les Flors i Graner,2014,2659.0
Diversos espais de la ciutat,2014,2000.0
Diversos espais de la ciutat,2014,820.0
Diversos espais de la ciutat,2014,8000.0
Arts Santa Mònica i Antic Teatre,2014,2000.0
Diversos espais de la ciutat,2014,4882.0
Diversos espais de la ciutat,2014,80635.0
Diversos espais de la ciutat,2014,31087.0
CCCB,2014,6407.0
Diversos espais de la ciutat,2014,650.0
Antic Teatre,2014,500.0
Diversos espais de la ciutat,2014,6500.0
La Pedrera,2014,8352.0
CCCB,2014,700.0
Sant Pau Recinte Modernista i ESMUC,2014,1200.0
Centre Cultural Euskal Etxea i SAT,2014,300.0
Diversos espais de la ciutat,2014,110000.0
Lluïsos de Gràcia i Espai Jove la Fontana,2014,1000.0
Diversos espais de la ciutat,2014,1000.0
Fira de Barcelona,2014,130000.0
Centre Cívics Cotxeres Sants,2014,2536.0
Diversos espais de la ciutat,2014,31000.0
Poble Espanyol,2014,10200.0
Hotel Silken Diagonal Barcelona,2014,200.0
Diversos espais de la ciutat,2014,14700.0
Diversos espais de la ciutat,2014,224078.0
Espais Jove les Bases,2014,400.0
Casa Elizalde,2014,475.0
"MACBA, CCCB",2014,21000.0
Diversos espais de la ciutat,2014,600.0
Teatre del Raval,2014,577.0
Institut Francès de Barcelona i CCCB,2014,6155.0
Diversos espais de la ciutat,2014,5281.0
Centre Cívic Cotxeres de Borrell,2014,193.0
Convent de Sant Agustí i TMB,2014,2500.0
Diversos espais de la ciutat,2014,2647.0
Diversos espais de la ciutat,2014,6000.0
Diversos espais de la ciutat,2014,1500.0
La Pedrera,2014,309.0
nunArt Guinardó,2014,2000.0
DHUB,2014,2250.0
CCCB,2014,1720.0
Nau Ivanow,2014,372.0
Diversos espais de la ciutat,2014,190000.0
CCCB,2014,1684.0
Castell de Montjuïc,2014,29148.0
Rambla del Raval,2014,8600.0
Esplanada Catedral,2014,120000.0
Diversos espais de la ciutat,2014,12250.0
Fira de Montjuïc i Fira Gran Via de l'Hospitalet,2014,111980.0
Diversos espais de la ciutat,2014,6000.0
Fira de Barcelona,2014,18000.0
CCCB i Sala Conserves,2014,1200.0
Diversos espais de la ciutat,2014,27733.0
Transforma BCN,2014,1500.0
Sala Apolo i La (2),2014,700.0
CCCB,2014,255.0
Cinemes Girona,2014,1500.0
Diversos espais de la ciutat,2014,2000.0
